Material_Type,Strength_PSI,Weight_Capacity_KG,Biodegradability_%,CO2_Emission_Score_%,Recyclability_%,Cost_per_KG_USD,CO2_Impact_Index,Cost_Efficiency_Index,Material_Suitability_Score,Predicted_Cost,Predicted_CO2,Cost_Score,CO2_Score,AI_Recommendation_Score
Kraft Paper,7388.44,13.9,80.92,25.72,77.27,0.44,0.7938776596818985,0.3838118410787182,0.6714534084878383,0.49778369283972673,27.895027,0.9973464622792542,0.79665154,0.8969990022329957
Kraft Paper,4653.27,13.83,86.48,25.51,83.3225396825397,0.5,0.8138908707517342,0.3277091645600146,0.6532803077138434,0.6212275751563251,26.768764,0.9681003729040973,0.8117854,0.8899428864089426
Kraft Paper,5587.57,3.78,79.67,27.33,80.25,0.44,0.7885914541782378,0.2908512886014239,0.6410249652149206,0.5739569222029381,28.041538,0.9792996459272116,0.79468286,0.8869912531508312
Bagasse Fiber,2603.16,8.03,95.18,18.15,93.23,0.91,0.908647334006564,0.2743976147847521,0.686751437939172,1.1116634176614544,18.648314,0.851907247627149,0.9209017,0.8864044816913058
Starch-Based Packaging,2980.8583333333336,2.21,90.01,15.84,84.19,1.04,0.9019388462509468,0.2581847847529614,0.6728960046989592,1.293001842949435,16.597446,0.8089448934497205,0.9484597,0.878702289149253
Starch-Based Packaging,2980.8583333333336,6.67,98.77,16.22,84.91,1.21,0.9007411083059832,0.2800737917101381,0.6904362673736626,1.2983382347039774,16.52059,0.807680605683771,0.94949245,0.8785865301062898
Bagasse Fiber,2355.01,24.5,94.3,15.4,87.86,1.78,0.9168367533451148,0.3606097906687008,0.6808344001498778,1.2560068881354747,17.501963,0.8177096676500658,0.9363055,0.8770075952843834
Bagasse Fiber,3693.59,14.38,91.72,15.6,84.95,1.14,0.9063395228477658,0.3358009670296207,0.6897466046419718,1.1789022132316083,19.12431,0.8359771603047235,0.91450566,0.8752414104193142
Kraft Paper,6982.78,15.7,79.82,26.24,79.76,0.7,0.7967528603887907,0.3833741776234444,0.666002154776371,0.684860715264453,27.974821,0.9530245306031301,0.7955793,0.8743019224175013
Bagasse Fiber,3039.47,5.91,96.55,15.47,93.49,1.72,0.9331082226710428,0.2792797050117042,0.7068959908741039,1.3035668940365581,17.097733,0.8064418416779475,0.94173723,0.8740895381351926
Bagasse Fiber,4889.79,3.98,90.63,18.46,91.76,1.09,0.9014981267356728,0.2999128708244579,0.7088118490739604,1.1684225865031557,19.717863,0.8384599735002171,0.90652996,0.8724949682583636
Molded Pulp,2496.56,8.72,87.08,22.6,96.34,0.67,0.8786564554405452,0.2645046925297873,0.658256877025321,1.0025003772371996,23.13163,0.8777699471534287,0.8606584,0.8692141771823663
Kraft Paper,5339.21,16.94,79.01,31.05,78.12,0.5,0.7493309669275435,0.3437679176413807,0.6175237829663309,0.5129046112221115,31.898401,0.9937640431091289,0.74285734,0.8683106900535573
Bagasse Fiber,3338.92,20.32,95.7,18.65,82.51,1.15,0.8720692577631911,0.3512341281619017,0.6758124384279123,1.1942631338938434,19.971228,0.8323378802517822,0.90312546,0.8677316725840057
Molded Pulp,1768.98,7.78,89.26,21.65,94.53,0.77,0.8816208003029538,0.2471180455708619,0.6513721616002071,1.0223977224933263,23.134617,0.8730559060298956,0.86061823,0.8668370698553103
Kraft Paper,4662.71,5.17,85.95,27.0,85.65,0.85,0.8077073844988639,0.2797769556162173,0.651377212672406,0.798944304351966,27.447338,0.9259960640636955,0.80266726,0.8643316621168392
Kraft Paper,6262.22,16.4,88.59,27.97,83.19,0.57,0.7917563165867204,0.3677676334844414,0.6727513247809759,0.6137862212106906,30.75011,0.9698633643013383,0.75828713,0.8640752480438424
Bagasse Fiber,2136.27,6.59,99.1,33.3,91.98,1.69,0.7710296238323655,0.2191667081966299,0.6275237404857017,1.1386318821124073,21.564213,0.845517930418051,0.8817201,0.8636190280466263
Kraft Paper,4876.69,13.45934426229508,93.5,26.08,79.42,0.89,0.7971466447866701,0.3289679955334178,0.6608196780115119,0.8187673037460903,27.274374,0.9212996368201214,0.8049914,0.8631455304519156
Molded Pulp,2525.87,4.6,89.87,22.84,97.75,0.78,0.8807657788437263,0.2433952606186226,0.6662064351846513,1.02531621352584,23.645144,0.8723644626956801,0.8537582,0.863061339299958
Kraft Paper,4170.64,24.51,88.34,25.72,82.54,0.97,0.8096876596818985,0.3719623302894651,0.6471967362245313,0.8437513338050832,26.976862,0.9153804680258111,0.80898917,0.8621848176196255
Kraft Paper,7112.55,23.12,89.14,28.11,88.85,0.46,0.807499255238576,0.4193353710433155,0.6977635825768473,0.5965858067834993,31.427164,0.9739384537119031,0.74918944,0.8615639450738013
Bagasse Fiber,4470.09,12.36,99.23,17.29,84.51,1.61,0.8900864251451653,0.3371619597752047,0.7094852103794765,1.2857285603797586,19.367212,0.810668065696831,0.9112417,0.8609548879414178
Bagasse Fiber,3685.44,14.68016393442623,90.92,20.75,87.18,1.19,0.867523337541025,0.3241692442357184,0.6729764313801114,1.1920963449204525,21.193686,0.8328512317665245,0.886699,0.8597751263145519
Kraft Paper,4959.01,14.12,85.97050847457626,31.01,83.91,0.44,0.7670544130270132,0.3215998277634701,0.6373248419221673,0.5920245696970573,31.810425,0.9750190933109497,0.7440394,0.8595292548120606
Kraft Paper,5932.81,24.63,78.16,28.43,89.03,0.68,0.8052116864428174,0.4019908119380674,0.6567233312446805,0.69556030569717,30.057352,0.9504896040259648,0.7675959,0.859042745605054
Bagasse Fiber,4464.02,7.38,92.0,21.66,92.34,0.89,0.8749624387780863,0.3004922110900353,0.6940267710111191,1.1225168136078012,22.593178,0.8493358817407721,0.8678937,0.8586147887860355
Molded Pulp,1977.79,17.8,92.26,22.68,95.78,0.86,0.8762695632416055,0.3001457812859353,0.6592003301600964,1.0972425752937558,23.14185,0.8553238061218752,0.8605211,0.8579224421158083
Bagasse Fiber,2921.37,8.42,95.16,19.33,81.09,1.29,0.861800674072204,0.2799634715160551,0.6628730390527933,1.2762776982025548,20.02561,0.8129071459551617,0.9023947,0.8576509289632224
Kraft Paper,7369.62,21.5,94.01,33.09,87.94,0.54,0.7607652158545821,0.4037526462469739,0.6908022130130151,0.7485071526186228,29.422218,0.9379455379439687,0.7761303,0.8570379282928157
Bagasse Fiber,3948.54,24.02,96.57,21.44,82.67,1.19,0.8478963923251702,0.3756878820260322,0.6767157245295625,1.2136691273891322,21.239563,0.8277402492511521,0.88608253,0.8569113896364098
Molded Pulp,1540.31,10.43,88.8,22.11,90.09,1.19,0.8642361701590507,0.2548278145737353,0.6363006183101445,1.059961373930166,23.998005,0.8641563973093136,0.8490167,0.8565865616631559
Bagasse Fiber,3554.37,7.7,94.95833333333331,22.52,91.29,0.81,0.8642133476394849,0.28124496415756,0.6805566331095343,1.0974300961196168,23.366678,0.8552793790451346,0.8575,0.8563896978672176
Kraft Paper,5230.14,19.81,91.32,29.44,87.99,0.68,0.7931671724312042,0.3602913765013762,0.6663248099029159,0.70189909888857,30.382645,0.9489878292216787,0.76322484,0.8561063346929316
Bagasse Fiber,2536.78,22.15,90.69,20.55,81.39,1.24,0.8519205680383741,0.3393088815817672,0.6439686429856564,1.246103765889707,21.012903,0.8200558965020555,0.8891282,0.8545920523312279
Kraft Paper,4081.49,6.02,87.57,29.89,87.06,0.45,0.7864009038121687,0.2648771252447735,0.6375279236667075,0.567749164307915,33.130085,0.9807703760987688,0.7263069,0.8535386456909859
Bagasse Fiber,2284.07,9.17,92.92,29.55,91.27,1.27,0.8020351956576621,0.2448921107612197,0.6302117512778584,1.1140078812929026,23.556595,0.8513518017709802,0.85494804,0.8531499227971112
Molded Pulp,2259.91,17.49,96.77,21.07,89.25,1.03,0.8709057687452664,0.3084267213871338,0.6656205268357152,1.1526435206110475,23.002653,0.8421983197242409,0.8623915,0.8522948957935169
Kraft Paper,6376.04,15.1,77.55,27.73,83.35,0.89,0.7943569931835395,0.3640554731331255,0.6536321975197669,0.684817729315217,31.27456,0.953034714752313,0.75124,0.8521373648911101
Kraft Paper,7485.4,14.93,82.59,27.22,87.91,0.73,0.8125434309517798,0.3872964431548652,0.6918928667118627,0.755435026127881,30.04628,0.9363041993532728,0.76774466,0.8520244298653876
Bamboo Fiber,5600.13,12.64,98.2,22.1,88.64,1.03,0.8599745316839182,0.3497027826441725,0.7149051907648878,1.1536632534614757,23.066011,0.8419567265604264,0.86154014,0.8517484326409462
Bagasse Fiber,2519.85,7.72,97.74,21.29,87.17,1.45,0.8627218151981823,0.2631681630659453,0.6665806051015811,1.240405864974317,21.55687,0.8214058323295346,0.88181883,0.851612331648242
Molded Pulp,3184.19,11.33,91.01,23.08,97.13,0.82,0.8767851022469073,0.2908112926682971,0.6764984450221315,1.0594485865239958,24.822285,0.8642778859244631,0.8379407,0.8511092894130372
Kraft Paper,5699.76,6.78,91.07,30.28,87.56,0.67,0.7844548043423378,0.3010807588093165,0.6690298254658366,0.7194133207029745,30.847437,0.9448383931628979,0.75697935,0.8509088697191137
Molded Pulp,1859.74,16.75,99.52,23.01,92.14764705882354,1.38,0.8624565740974501,0.2915047625244519,0.6634003313541073,1.1069431304943593,24.1066,0.8530255690682327,0.84755754,0.8502915568882423
Starch-Based Packaging,3276.65,5.82,90.82,17.49,74.38,1.28,0.8579291946478161,0.2785987323059703,0.6532136489239986,1.4603861013485264,18.095196,0.7692885339018327,0.9283341,0.8488113254187813
Molded Pulp,2516.25,7.61,87.51,23.71,91.32,0.63,0.8537883261802575,0.2564210026641708,0.6451781712408842,1.028123425438062,25.758884,0.8716993833986009,0.8253554,0.8485273969872338
Kraft Paper,7149.81,4.25,80.2,31.09,89.23,0.78,0.7823075208280739,0.3159085352274077,0.6699138130151656,0.7632617443606294,30.428892,0.9344499081834434,0.76260346,0.8485266849629223
Bagasse Fiber,3169.09,17.22,94.95833333333331,21.86,85.09,0.92,0.8514452082807371,0.3237548311905177,0.6647108489549192,1.1538314131116634,23.56169,0.8419168864965334,0.8548796,0.8483982520937867
Bamboo Fiber,4000.23,22.73,97.74,21.26,88.3,1.13,0.8663768997727845,0.3705971923204333,0.6917975620274028,1.194907146764845,22.923655,0.8321853019495562,0.86345303,0.8478191662678994
Bagasse Fiber,2170.9,14.68016393442623,99.89,24.23,89.43,0.73,0.8435235268871497,0.2842229665726653,0.6588872337240099,1.091656786585434,24.80145,0.8566471805388863,0.83822066,0.8474339182285038
Kraft Paper,4787.77,8.52,89.38,25.46,80.76,0.97,0.8066450593284524,0.3033997713307622,0.6562263951542553,0.8343414520977387,29.374855,0.9176098392693114,0.7767668,0.8471883081539429
Bagasse Fiber,2518.74,20.88,91.07,31.86,81.92,1.7,0.7535736834132795,0.303878177857286,0.6026810160632684,1.2469197874453926,22.14275,0.819862566230018,0.8739462,0.8469043780551946
Starch-Based Packaging,2980.8583333333336,9.53,96.49,16.62,65.24,1.08,0.838196647311285,0.2937155850559151,0.6450164768522586,1.4758604421111092,18.20929,0.7656223825748399,0.926801,0.846211704221151
Bamboo Fiber,5836.11,13.87,97.26,22.66,85.29,1.29,0.8449762862913405,0.3594453537412853,0.7078437883808603,1.2258291645202297,22.647243,0.8248593164250992,0.86716723,0.8460132754229378
Molded Pulp,2964.95,7.52,85.27,24.6,96.5,0.93,0.8614641504670537,0.2629447232359102,0.654606646913275,1.051188861384299,25.758566,0.8662347642655885,0.8253597,0.8457972331879395
Kraft Paper,5979.862698412697,3.93,82.92,30.09,84.58,0.81,0.7771936733148195,0.2927229459430289,0.6517935810854113,0.7967528371567218,30.475721,0.9265152622957348,0.7619742,0.844244738901621
Bamboo Fiber,5878.81,14.77,92.54,22.02,85.78,1.05,0.8521014238828579,0.3665502861702023,0.7024559156624732,1.1989502103708074,23.527544,0.8312274270241211,0.8553384,0.8432829108329987
Starch-Based Packaging,3963.09,2.5,98.08,16.54,83.06,1.98,0.8923635395102246,0.2781119500979306,0.6992994875823018,1.5535001402029098,17.36561,0.7472281332459878,0.9381377,0.8426829216702199
Molded Pulp,1800.38,8.33,94.72,26.48,94.66,1.44,0.8393321837919717,0.2383878114656202,0.6447578762121298,1.0569524629298148,26.199883,0.8648692627700132,0.8194296,0.8421494195834777
Starch-Based Packaging,2098.97,9.76,91.0,17.48,75.05851851851851,1.35,0.8600531117282391,0.2745784497226081,0.6367964853999342,1.521252511453353,18.052565,0.7548681800012218,0.9289069,0.8418875487866216
Kraft Paper,5854.9,13.54,83.17,35.313870967741934,76.93,0.52,0.7080847528727675,0.3261952188753093,0.6152834711199183,0.593350637514086,34.41407,0.9747049238505721,0.7090537,0.8418793095262229
Kraft Paper,6152.88,6.34,80.38,28.55,85.34,0.95,0.793081348144408,0.3125168763403115,0.656729631443873,0.8608770773609618,29.699211,0.9113230694957918,0.7724083,0.8418656880472275
Hemp Fiber,7349.21,25.62,90.66,18.5,70.8,1.28,0.8382646806362029,0.4612734147246008,0.7047510928185825,1.4744069971490505,18.937664,0.7659667299857,0.91701365,0.8414901875789096
Bamboo Fiber,3525.37,7.73,95.73,24.97,86.54,0.82,0.8283147740469579,0.2746166909129636,0.6628762145965926,1.1338695385942665,25.005531,0.8466462157696857,0.83547837,0.8410622905954904
Kraft Paper,7583.45,6.59,91.52,27.69,88.15,0.84,0.8091104392830093,0.3454017754961295,0.7099856641930927,0.8710719702703591,29.759092,0.9089077148941462,0.7716037,0.8402557091964933
Molded Pulp,3213.65,8.13,85.93,24.03,90.2,1.33,0.8476007573844988,0.2726255850106185,0.6493242697541461,1.1056917946639309,25.626287,0.8533220331687476,0.8271371,0.8402295728931202
Bamboo Fiber,6288.65,28.32,85.29,22.44,85.77,1.63,0.8483602398384247,0.4433381072323473,0.692653572466036,1.2616231197020629,23.026268,0.8163790807690833,0.86207414,0.8392266087515461
Starch-Based Packaging,2425.88,4.76,90.98,33.95,80.31,1.39,0.7302761247159807,0.2141092347523197,0.589933251919776,1.4624732948719283,19.515797,0.768794039989432,0.9092452,0.8390196164970201
Kraft Paper,5703.31,13.45934426229508,91.31,35.0,81.53,0.43,0.7246581646048977,0.3234555669957962,0.639630858977994,0.5640395973566048,35.434788,0.9816492396322642,0.6953381,0.8384936550124364
Hemp Fiber,6130.67,22.19,98.27,17.43,72.57,1.51,0.8530293637970209,0.4213324101354456,0.7087768943312638,1.545653094703145,18.168201,0.749087240313185,0.92735314,0.8382201920026008
Kraft Paper,7459.8,18.17,90.22,35.97,76.92,0.44,0.7022570966927544,0.3812777202237836,0.6516590725940331,0.5427768170743892,35.880314,0.9866867770203311,0.68935144,0.8380191082481722
Kraft Paper,4919.57,19.08,85.97050847457626,37.93,82.24,0.77,0.7008982378187326,0.3287278772165376,0.6071707501324418,0.6308545825083202,34.337166,0.9658195606666011,0.71008706,0.8379533107974729
Kraft Paper,5979.862698412697,17.29,85.33,30.38,84.84,0.89,0.7754111890936632,0.3604334305449468,0.656040681400681,0.8268048862677406,30.938469,0.9193953880847688,0.75575614,0.837575763920009
Bagasse Fiber,2543.59,16.98,96.08,21.5,91.7,1.42,0.8744562231759656,0.3105649526577924,0.6718880209693161,1.2470212935344493,23.596313,0.8198385176008193,0.85441434,0.8371264307173714
Bamboo Fiber,6633.72,4.93,92.71,21.07,85.58,1.67,0.8598957687452663,0.3340705877144165,0.7176426814664689,1.2996881229826551,22.680283,0.8073607927250094,0.86672324,0.8370420160734269
Bagasse Fiber,4931.95,19.29,95.23,24.83,91.61,0.86,0.8447618353951022,0.3631308633132805,0.6942498436535429,1.1470216368632493,25.415466,0.8435302457092253,0.82997,0.8367501239418014
Mushroom Mycelium,2663.31,13.97,97.42131147540982,11.82,76.91,1.65,0.9156201792476648,0.3220463004059142,0.6834983752139381,1.8125807007716748,13.682169,0.6858472605160879,0.98763293,0.836740095397433
Molded Pulp,2702.16,13.17,87.55,24.56,86.29,1.38,0.8311875965665236,0.2865836566934511,0.6348481028816324,1.14778831608481,25.40727,0.8433486055289665,0.8300801,0.836714348741122
Recycled Paperboard,6234.75,5.04,72.54,25.49,90.96,1.07,0.83697997475385,0.3152667810314392,0.6651236614340149,1.054623420491109,27.06401,0.8654210550665826,0.8078181,0.8366195849120602
Kraft Paper,5716.23,17.68,91.84,35.313870967741934,77.47,0.53,0.7097047528727675,0.344551195517125,0.6315827863107031,0.5359048673548675,36.386265,0.9883148662533259,0.6825528,0.8354338403684842
Starch-Based Packaging,2001.95,5.56,94.80654545454549,18.17,81.59,1.05,0.8735506109568291,0.2493239522477143,0.6533708566092289,1.4349314507255828,20.54957,0.7753192012233829,0.89535415,0.835336676474576
Starch-Based Packaging,3646.21,3.85,90.1,20.14,81.92,1.03,0.8571333905579398,0.2694197319450227,0.6625193004400611,1.355308223324698,21.9715,0.7941833845365126,0.87624735,0.8352153654688637
Molded Pulp,2311.8,19.5,85.72,25.57,94.26,0.88,0.8461730825549103,0.308430686066441,0.6372757396018731,1.112912233785723,26.294558,0.8516113804906162,0.81815743,0.8348844074770586
Kraft Paper,5435.4,23.03,77.83,43.45,79.35,0.66,0.6434526760918959,0.3456405051866247,0.5721476274328853,0.6689802850696477,34.23282,0.9567868918645984,0.7114892,0.8341380462283197
Starch-Based Packaging,2134.79,6.57,94.4,18.16,67.89,1.13,0.8325389724816965,0.2572564702421395,0.6272445581776034,1.4617336728630506,20.364605,0.7689692698264198,0.89783955,0.8334044080150165
Bamboo Fiber,3253.86,28.21,90.13,25.07,89.1,1.3,0.8351111587982831,0.3736961309320064,0.6522155903290712,1.2074959814141464,24.887379,0.8292027792325675,0.837066,0.8331343869860499
Bamboo Fiber,4936.2,24.44,96.68,25.07,88.81,1.2,0.8342411587982832,0.3889955932586378,0.690709756385123,1.1949101755969265,25.112856,0.8321845843644309,0.83403623,0.8331104077026927
Molded Pulp,2156.44,18.75,95.45,32.03,88.66,1.049795918367347,0.7722915374905326,0.2850830350684864,0.6186963311053502,1.1086727145762374,26.690802,0.8526157993032902,0.812833,0.8327244052268252
Molded Pulp,2933.19,6.84,87.28,25.69,93.99,1.27,0.8443027442565008,0.2560558462049356,0.648993248168229,1.107871466436557,26.873075,0.8528056294857587,0.81038374,0.8315946832865042
Recycled Paperboard,4159.32,6.59,72.92,25.26,90.91,1.08,0.8388622898258016,0.281087473294984,0.6346300833112642,1.0697204379146543,27.572733,0.861844298466082,0.8009823,0.8314132974664548
Starch-Based Packaging,2912.64,7.07,96.25,21.2,84.37,1.75,0.8551170689219894,0.2681468441287001,0.6643991843257111,1.420353695091942,21.43393,0.7787729353100767,0.8834708,0.8311218545034881
Starch-Based Packaging,3433.89,10.2,96.59,18.9,77.26,1.16,0.8541102196415046,0.3007126544644313,0.6676131247205027,1.4598244405293876,20.73863,0.7694216015128539,0.8928137,0.8311176420345031
Hemp Fiber,4751.3,33.25,94.85,22.93,86.1,1.12,0.8450205251199192,0.4357272759076006,0.6868765974663067,1.3272634262208063,23.204056,0.8008277044267844,0.8596852,0.8302564434990978
Molded Pulp,1995.52,10.0,88.74,29.59,92.99,0.93,0.8068417495581923,0.2431064578084767,0.6206785301014295,1.053099006719693,28.203175,0.865782216272524,0.7925109,0.8291465714980022
Bagasse Fiber,3969.86,12.72,94.62,25.741525423728813,88.11,0.96,0.826207457755489,0.3073774864898777,0.6677308696564682,1.1482761811827666,26.54852,0.8432330214595893,0.8147449,0.8289889555978824
Bagasse Fiber,2281.38,3.07,93.5,23.85,85.66,1.2606666666666666,0.835571264832113,0.2279770713421663,0.641696978227525,1.2623658045135833,24.563051,0.8162031252987296,0.84142405,0.8288135866228298
Bagasse Fiber,3932.29,18.61,94.3,20.93,84.53,1.14,0.8579828300934107,0.3489259391806212,0.677571306082926,1.1939284727403585,25.834915,0.8324171675345664,0.8243337,0.8283754474471691
Bamboo Fiber,3203.3,7.77,97.1,21.79,81.59,1.44,0.8415637389548094,0.276223516184826,0.6627918691109185,1.4065420871923704,22.17993,0.7820451551355154,0.8734466,0.8277458694416896
Bagasse Fiber,4087.22,6.53,98.09,21.67,81.95,1.79,0.8437040772532188,0.2883600562355778,0.6795880141593749,1.4230838944719302,21.893354,0.7781261016753864,0.8772974,0.8277117515518045
Kraft Paper,4522.9,12.19,79.45,32.92,80.13,0.87,0.7388373617773288,0.2979178551261953,0.6027469449088075,0.8112621156025362,32.693924,0.9230777516938969,0.7321677,0.8276227362442874
Kraft Paper,4574.65,11.02,93.87,29.98,80.47,0.78,0.7658356500883615,0.3004110913671847,0.64423079643529,0.8236185949548822,32.588764,0.9201502781511081,0.7335807,0.8268654933274155
Corrugated Cardboard,4869.83,28.41,82.78,33.21,92.93,0.54,0.7746748775561727,0.387417824900831,0.6392694558242707,0.7405099284095887,34.0815,0.9398402250647993,0.7135225,0.8266813594520316
Bagasse Fiber,3358.51,6.99,97.64,26.18,92.34,1.35,0.8350230295379955,0.2643378935730712,0.671143472814818,1.2121245112121803,25.941132,0.8281061967725173,0.8229065,0.8255063454565712
Molded Pulp,3461.35,5.81,89.33,27.16,97.13,1.18,0.8407336001009844,0.2579345510863726,0.6619608832706417,1.0588602968232734,28.651754,0.8644172623993676,0.7864832,0.825450245303001
Starch-Based Packaging,2851.65,11.1,90.28,19.45,70.16,1.26,0.8279503357737944,0.2919555849275568,0.6297120297916146,1.5459128607852113,20.18016,0.749025697028008,0.90031797,0.8246718319830134
Starch-Based Packaging,3614.6,5.54,91.61,25.11618181818182,84.24,1.02,0.8201230892107134,0.2648642216071775,0.6508504457494184,1.2459121586935114,25.520426,0.8201012917138691,0.82855964,0.8243304643917857
Kraft Paper,4046.92,19.45,84.54,44.69,83.2,0.61,0.6440458470083312,0.2956027988664642,0.5671613569531881,0.6794801860441144,35.560234,0.9542992753333719,0.6936524,0.8239758333835439
Bagasse Fiber,4405.24,23.56,93.68,26.74,83.75,1.01,0.8043047841454177,0.3693471531518042,0.6600658862952298,1.1706261279539758,26.911737,0.8379379146585544,0.8098642,0.8239010688309709
Bagasse Fiber,4730.5,20.18,95.99,25.741525423728813,81.63,1.8,0.8067674577554889,0.3612443437719174,0.6692511201009833,1.2153090921159246,26.155397,0.8273517119330462,0.82002735,0.8236895316562204
Hemp Fiber,5759.84,33.44,90.34,21.26,89.7,1.27,0.8705768997727846,0.4616667595521054,0.7069333370644201,1.4669979777411641,21.723625,0.7677220607458716,0.87957805,0.8236500573485674
Bagasse Fiber,2324.49,22.34,94.28,26.27,88.06,1.4,0.8213877758141883,0.3214737239076922,0.6395595626019098,1.22941400079819,25.920574,0.8240100038450586,0.8231827,0.8235963529547864
Starch-Based Packaging,3429.61,10.03,90.3,24.2,83.4,1.26,0.8256986114617522,0.2863732352926809,0.6471625387226887,1.3088062798714244,24.570543,0.8052005363696421,0.8413234,0.8232619560357732
Starch-Based Packaging,3231.83,1.56,98.62,19.35,82.67,1.35,0.866363951022469,0.251157037287563,0.6776755465061148,1.502248135774722,21.172728,0.7593706604740152,0.8869806,0.8231756268392567
Kraft Paper,7540.17,7.75,86.87,34.15,81.4,0.73,0.7317788942186316,0.3341449293772076,0.6620440614687423,0.7452774272473008,34.54501,0.9387107183246751,0.7072942,0.8230024720087121
Kraft Paper,6303.07,5.51,77.61,28.58,88.45,0.70109375,0.8021462635698056,0.3112791445282039,0.6596074649218415,0.791434323517583,33.744057,0.9277753144126498,0.7180568,0.822916056196956
Kraft Paper,4304.84,8.85,76.03,31.06,85.67,0.91,0.7718926054026762,0.2810165489536197,0.6106582627168579,0.8553012032047472,32.650345,0.91264409497601,0.7327533,0.8226986859004806
Bamboo Fiber,4418.68,16.49,90.67,21.06,83.47,1.73,0.8536541302701337,0.3477442227794389,0.6751963658289135,1.37395378857646,23.508547,0.7897659127463368,0.8555937,0.822679797040893
Recycled Paperboard,4924.23,24.16,84.18,25.97,84.08,1.029516129032258,0.812098621560212,0.3850427390259613,0.6526292899769914,1.0896562075837022,28.54401,0.8571211539038577,0.787931,0.8225260894660432
Starch-Based Packaging,2850.9,3.83,91.09,24.35,83.44,1.48,0.8244931885887401,0.2423256882536015,0.6393263204816859,1.385137073088973,23.3425,0.7871163902894691,0.85782486,0.8224706261463978
Bagasse Fiber,3693.35,16.59,91.08,29.47,88.21,1.6,0.7935620878566019,0.3121013405089024,0.6424568767192144,1.1919774495286557,26.803316,0.832879400236193,0.81132114,0.8221002697859127
Recycled Paperboard,6760.08,8.97,82.99,25.91,80.16,0.86,0.8008687907094167,0.34514794242342,0.6709623965300584,1.0402686855851562,29.501724,0.8688219515074403,0.77506196,0.8219419582480745
Bagasse Fiber,3951.68,13.21,91.85,19.93,85.85,1.6,0.8707789825801564,0.324185555647223,0.6793920345641802,1.178346391678906,27.081924,0.8361088444878674,0.8075774,0.8218431080425788
Bagasse Fiber,3558.87,23.07,98.28,27.21,82.98,1.11,0.7978417924766473,0.3482368583246499,0.6528960539591873,1.2208300568212311,26.415457,0.8260436954953068,0.81653285,0.8212882728804048
Bagasse Fiber,4956.79,5.36,90.98,25.741525423728813,85.41,1.75,0.8181074577554889,0.2899779735344193,0.6702719066459643,1.257832432136473,25.763788,0.8172771632439377,0.8252895,0.8212833255413414
Corrugated Cardboard,5822.78,37.05,82.46,30.5,88.15,0.79,0.7842808507952537,0.4581281166009943,0.6540360284924681,0.8008699106983275,33.91157,0.9255398530773736,0.7158059,0.820672870626669
Molded Pulp,2601.68,8.94,95.12,29.6116,88.6,0.93,0.7934808886644786,0.2500929228092949,0.633944277447346,1.0593112581652542,29.368092,0.8643104214975358,0.7768576,0.8205840180073738
Bamboo Fiber,4029.57,22.29,96.58,36.39,83.46,1.44,0.7181659126483211,0.3307493193613892,0.6229516075987923,1.3149925290749849,24.907001,0.8037349019962812,0.83680236,0.820268632695986
Kraft Paper,6087.79,21.22,83.41,49.85,83.62,0.56,0.599711300176723,0.3336329031934611,0.5776904692123651,0.6946885319153947,35.990055,0.9506961430091712,0.6878768,0.8192864817867206
Starch-Based Packaging,2715.77,7.04,92.64,15.78,71.61,1.8,0.8647290154001513,0.2776261042127635,0.649138504995987,1.6684716509895179,18.844963,0.7199893019895454,0.9182593,0.8191243123164127
Kraft Paper,7504.04,11.84,79.73,28.07,76.17,0.68,0.7698127013380459,0.3697041075384206,0.6597553125352118,1.0515849996478817,29.95314,0.8661409119430251,0.76899624,0.8175685753257607
Molded Pulp,2364.23,19.4,89.48,29.5,90.54,1.29,0.8002870032819995,0.2990753651921976,0.6232904486655482,1.1553194527342954,28.181192,0.8415643429846107,0.79280627,0.8171853053614765
Kraft Paper,6669.17,24.09,82.55,38.03,89.01,0.84,0.7203246225700579,0.3901382144200803,0.6404811188509223,0.6991201981658111,36.236923,0.9496462010856975,0.6845596,0.8171028923748189
Bagasse Fiber,2496.1,20.44,98.24,25.741525423728813,86.73,1.6,0.822067457755489,0.3166050697574041,0.6494776446312585,1.2781748684507717,26.043217,0.8124576719950269,0.82153475,0.8169962124203956
Bagasse Fiber,3168.73,9.17,95.1,25.741525423728813,94.94,1.73,0.8466974577554889,0.2727083130471515,0.6699899032946798,1.1215806303277067,28.849447,0.8495576804995875,0.7838268,0.8166922542512586
Bagasse Fiber,4883.91,22.53,97.56,27.8,80.06,0.78,0.7838684625094672,0.3712427275141468,0.6638265230531339,1.1749555409249313,27.940174,0.8369121983872062,0.7960449,0.8164785422497096
Recycled Paperboard,5544.46,27.47,72.72,25.39,82.52,1.1,0.8125435900025246,0.4162247880508304,0.6383310690954197,1.0752328887099913,29.701878,0.8605382991276693,0.7723725,0.8164553916674113
Kraft Paper,4156.89,3.87,92.53,29.29,83.23,0.52,0.780212595304216,0.2569288530542141,0.6432344784852233,0.7502805883699634,35.466667,0.9375253789250569,0.6949097,0.8162175353678325
Bamboo Fiber,5180.7,9.2,95.19,32.79,87.48,1.03,0.7620360616006059,0.2964622141153656,0.6596042474586769,1.1339181306686585,28.717863,0.8466347034280134,0.78559494,0.8161148218067802
Molded Pulp,3262.01,13.06,86.3,38.84,85.2,1.049795918367347,0.7017373390557939,0.2614871581534294,0.5847269927814658,1.1521265856631566,28.440771,0.8423207909670716,0.78931826,0.8158195272489014
Bagasse Fiber,2410.49,17.8,94.96,28.57,87.23,0.94,0.798574625094673,0.294178303469158,0.6318781815929374,1.176080694068219,28.044437,0.8366456292484867,0.7946439,0.8156447540926272
Kraft Paper,5112.14,22.84,85.97050847457626,35.82,84.48,0.7,0.7262625195657662,0.3572791050726324,0.6226126529445446,0.7109455335942719,36.276478,0.9468445651492565,0.6840281,0.8154363270978674
Bamboo Fiber,6406.28,11.91,94.93,22.25,81.75736842105263,1.15,0.8380012140740641,0.3621703173721283,0.7064641731175421,1.3657604444599778,24.738388,0.7917070642219319,0.83906806,0.8153875596874125
Bagasse Fiber,2795.03,5.49,95.33,29.58,87.63,0.88,0.7908501110830597,0.2364765634102589,0.6355279390281406,1.1473179808023177,28.64808,0.8434600364678669,0.7865326,0.8149963086601877
Bagasse Fiber,4076.02,23.16,94.95833333333331,29.4,82.43,0.7,0.7768406185306741,0.353809022159143,0.6448320484761637,1.150520220789828,28.693413,0.8427013678719196,0.7859235,0.8143124244297342
Bamboo Fiber,4046.97,21.93,96.54,23.11,83.72,1.16,0.8362900176723049,0.3627899372330957,0.6739503449892594,1.2782620140165846,26.450632,0.8124370256336312,0.8160602,0.8142486055330327
Bamboo Fiber,4588.19,22.4,99.11,27.47,84.3,1.14,0.7995043928300933,0.3653256315109073,0.6720964447223158,1.23370298910077,27.251324,0.8229938649091124,0.80530113,0.8141474973635375
Kraft Paper,7315.9,15.46,91.37,42.24,77.13,0.61,0.6474844206008583,0.3486045440763523,0.628417118790816,0.5775145534592521,38.939247,0.9784567787090601,0.64824784,0.8133523083646924
Recycled Paperboard,7420.55,17.31,88.55,26.55,85.97,1.37,0.8126436531178994,0.3998463140636329,0.7014825481550037,1.194151756952656,28.072144,0.8323642674644587,0.7942716,0.8133179278949796
Bagasse Fiber,4494.11,20.48,94.0,27.72,86.88,1.24,0.8050353547084069,0.3529227809784993,0.6646267363117299,1.187503554850747,28.1958,0.8339393468382414,0.79261,0.8132746682406692
Bagasse Fiber,2728.07,16.74,91.35,30.44,83.59,1.2606666666666666,0.7711310199444583,0.2905609353484137,0.6151891781260093,1.2239454398232195,27.56796,0.8253056048908626,0.80104643,0.8131760179777341
Molded Pulp,3496.51,10.66,91.54980769230768,24.89,92.19,0.82,0.8459716662458975,0.2892351313894211,0.6656642462618122,1.0923706128338682,29.897903,0.8564780621843089,0.76973844,0.8131082489647741
Bagasse Fiber,4227.52,10.31,93.32,28.66,90.16,0.84,0.8065693713708659,0.292964327389498,0.6621518522772857,1.1290124786211349,29.266582,0.847796941163354,0.7782216,0.813009274185803
Mushroom Mycelium,2877.92,8.38,95.13,10.11,67.63,1.69,0.90289,0.3021415499212223,0.6701379330073922,2.0680683998588747,12.761811,0.6253176016821747,1.0,0.8126588008410873
Starch-Based Packaging,2836.88,7.26,91.54,17.77,75.61,2.27,0.8591450719515273,0.2762209243953634,0.6492689227009115,1.546988621668638,22.041145,0.7487708298093776,0.8753115,0.8120411618414869
Mushroom Mycelium,1262.95,9.91,99.07,13.13,78.67,1.99,0.909324819490028,0.2691284318240189,0.6637499329477932,2.0052856383340805,13.979626,0.6401919739095816,0.98363596,0.8119139679595058
Bagasse Fiber,2957.92,20.75,91.01,27.89,94.4,1.48,0.8260932087856602,0.3222707418340071,0.6493318357565918,1.2456369979004025,27.421988,0.8201664822846515,0.8030079,0.8115871914997629
Kraft Paper,6541.88,8.34,86.14,36.16,84.97,0.69,0.7247282277202727,0.3115538649644299,0.6447063925461175,0.7713306485850595,35.789497,0.9325382387699521,0.6905718,0.8115550118715483
Recycled Paperboard,7400.84,20.11,73.68,25.68,85.33,0.91,0.8184111057813683,0.4159814717291776,0.6734202809428522,1.108183823544194,29.88736,0.8527316264350162,0.7698801,0.8113058712104433
Bagasse Fiber,2772.25,5.8,94.81,25.87,82.88,1.6,0.8093822368088865,0.2469623169882932,0.6386847641132697,1.367627058269118,25.357681,0.7912648296351178,0.8307464,0.8110056209561698
Bamboo Fiber,6398.67,11.77,98.79,28.5,86.04,1.0,0.7956231557687452,0.3455176900218488,0.6989722441555306,1.1891196770365506,28.505205,0.8335564582495145,0.78845245,0.8110044523551192
Recycled Paperboard,3524.85,32.4,78.55098360655738,28.59,92.05,1.25,0.8128579020449381,0.391850082706094,0.625783662943787,1.1213785488466146,29.811066,0.84960555725902,0.7709053,0.8102554365675135
Bamboo Fiber,3098.37,26.67,85.35,25.0,82.02,1.65,0.8144896894723553,0.3627844100513099,0.626350822572233,1.4257937945558663,24.475801,0.7774840773112361,0.8425965,0.810040274310449
Kraft Paper,7577.54,21.52,76.45,37.12,89.44,0.41,0.7296555213329967,0.3979587176396063,0.6465905989271441,0.8899752892063054,34.026917,0.9044291765922652,0.7142559,0.8093425527927451
Bagasse Fiber,3340.4,9.55,97.01,28.09,80.7,0.91,0.783225978288311,0.2722580322505444,0.6390896127407983,1.2642558654427447,27.434454,0.8157553356649188,0.80284035,0.8092978438616647
Recycled Paperboard,4267.88,4.74,76.37,29.99,93.37,1.25,0.8044472885634941,0.2619021325840928,0.630220698699519,1.080284522903557,30.731403,0.8593414755804585,0.7585385,0.8089399800769114
Hemp Fiber,4246.7,6.06,93.39,25.52,85.69,1.27,0.8209048901792475,0.2795136927852402,0.6655389045474656,1.3728266602896309,25.579823,0.7900329498323005,0.8277615,0.8088972105519077
Bagasse Fiber,3854.54,18.83,96.71,23.36,90.52,1.2606666666666666,0.8544809795506185,0.3423185212145265,0.6839746527311332,1.224150738996304,28.222214,0.8252569658019746,0.79225504,0.808756004892717
Molded Pulp,2786.8,14.36,91.86,29.6116,95.89,1.15,0.8153508886644786,0.2816680327646544,0.6448536349340108,1.1244323860963794,30.02891,0.8488820479569166,0.7679781,0.8084300600616797
Starch-Based Packaging,3092.78,4.55,98.13,18.3,73.7,1.71,0.8487319111335521,0.2662646479944756,0.6605850924455965,1.7214154715440264,19.505247,0.707445952908639,0.90938693,0.8084164428792615
Hemp Fiber,4916.1,8.65,89.58,19.37,82.66,1.92,0.8661572279727341,0.3220809616367696,0.685469419658579,1.6577068875166114,20.697239,0.7225396692392047,0.89336985,0.8079547613678781
Molded Pulp,1549.17,11.30653846153846,95.72,32.24,95.85,0.94,0.7920059454683159,0.233926216490461,0.6234510505062917,1.0173489038444605,32.013767,0.8742520625236211,0.74130714,0.8077796009601443
Starch-Based Packaging,3277.8,4.78,94.45,29.62,84.39,1.08,0.78077666498359,0.242670944007472,0.6345840192056944,1.2595291335345202,27.764116,0.8168751839817903,0.79841065,0.8076429190248917
Hemp Fiber,5331.94,22.0,91.3,19.49,71.78,1.37,0.8324568896743246,0.3987250229018022,0.6731154933427106,1.5577708979387117,22.516783,0.7462163134611841,0.8689202,0.8075682602424024
Molded Pulp,2218.57,12.35,95.46,32.21,97.7,0.9,0.7978210300429183,0.2531200010859735,0.6370734185526296,1.022868169929152,31.950438,0.872944448519841,0.74215806,0.807551251912661
Starch-Based Packaging,3179.2,8.38,93.98,26.61,82.44,1.49,0.8015234839686948,0.2666840310001135,0.6396201504523593,1.352594501261051,26.148571,0.7948263143968131,0.8201191,0.8074726986622585
Bagasse Fiber,2021.05,22.57,98.35,28.51,81.8,1.2606666666666666,0.7828147942438777,0.3107537959758276,0.6220235183032261,1.2759198964712377,27.514572,0.8129919156595513,0.80176383,0.8073778741143368
Recycled Paperboard,5479.12,4.25,84.71,31.13,94.88,0.8,0.7989040747286039,0.2814342544377158,0.6643122968992292,1.0379552132017615,31.718327,0.8693700549761744,0.745277,0.8073235212644085
Hemp Fiber,6029.85,14.23,92.91,22.53,70.97,1.23,0.8031649861146175,0.3656038830622448,0.6739760580738068,1.5226773566236662,23.187193,0.7545306083985248,0.8599118,0.807221203914686
Molded Pulp,2523.9,16.77,85.48,30.55,92.48,1.049795918367347,0.7968290431709164,0.2862362590799168,0.6176491955729633,1.1366448142832821,30.026167,0.8459887027417539,0.76801497,0.8070018350916563
Bamboo Fiber,3687.96,18.4,98.84,31.23,80.6,1.85,0.7551804594799292,0.3168196635611248,0.6360258122755549,1.398821528350983,25.417358,0.7838742952246311,0.82994455,0.8069094231078447
Molded Pulp,3234.93,6.59,89.23,33.76,91.23,1.17,0.7647149936884625,0.2406095581801952,0.6214731478879792,1.0917180591570674,30.847113,0.8566326639579703,0.75698376,0.8068082104885066
Kraft Paper,6465.6,20.06,93.86,35.57,83.3225396825397,0.96,0.7249991767350716,0.3715149629507779,0.6579257025348374,0.8293710645436861,35.510563,0.9187874140175047,0.69431984,0.8065536291317077
Hemp Fiber,5559.3,8.43,93.04,30.72,87.41,1.7308620689655172,0.7801168972481696,0.3055329292945406,0.66884051751431,1.542373569627125,22.992865,0.7498642191450346,0.862523,0.8061936192294235
Bamboo Fiber,3096.76,5.26,90.37,22.91,80.25,1.97,0.8276472481696541,0.2583453537029794,0.6407517032662122,1.5632881382468553,22.681932,0.7449091794005237,0.86670107,0.8058051229472558
Molded Pulp,3467.36,10.4,96.73,30.24,96.94,1.42,0.8129482504418075,0.2737967327714028,0.6648261986241614,1.1401993607128214,30.174307,0.8451465663748837,0.76602435,0.8055854587474394
Recycled Paperboard,4302.61,27.88,79.28,26.63,83.58,0.89,0.8047667609189598,0.3896444667709465,0.6297270767046613,1.0749843072746277,31.379894,0.8605971925676618,0.7498246,0.8052108880490438
Starch-Based Packaging,2762.19,4.79,94.18,25.11618181818182,68.29,1.19,0.7722730892107135,0.2434842597747173,0.6109427944373877,1.4416331602024817,24.916609,0.7737314449842763,0.83667326,0.8052023523596918
Kraft Paper,5324.76,13.45934426229508,87.3,40.57,80.67,0.71,0.6728607952537238,0.3016050559142943,0.602947564805301,0.657096979545923,38.7674,0.9596022619655468,0.65055704,0.8050796515668799
Bamboo Fiber,6312.71,3.0,99.57,23.95,81.75736842105263,1.51,0.8229797548465964,0.3103078417644795,0.7078727703852581,1.4999917408227676,23.951376,0.7599052412664539,0.8496433,0.8047742656546655
Molded Pulp,3785.69,5.62,93.9,31.52,91.54,0.99,0.785437975258773,0.2526269411827388,0.6484247703686816,1.095838625175058,31.109943,0.855656427308759,0.753452,0.8045542151554629
Starch-Based Packaging,3070.25,11.4,97.36,25.02,75.05851851851851,1.23,0.793428521978176,0.2839279091004948,0.6359646600297164,1.4885417413773556,24.195425,0.7626179533169967,0.84636396,0.8044909575068107
Hemp Fiber,6629.81,8.93,95.61,22.78,72.0,1.0,0.804045947992931,0.3501648537922945,0.6897530968589463,1.5636549459583702,22.884005,0.7448222760164666,0.8639858,0.8044040264588559
Molded Pulp,2690.74,4.82,93.77,30.48,87.37,1.13,0.7821175738449886,0.2286263379362603,0.6268670018077257,1.1046626461601248,30.998621,0.8535658570712187,0.7549479,0.8042568789216566
Molded Pulp,2721.83,16.56,86.46,29.65,92.99,1.06,0.8063115804089875,0.2915048663452046,0.6270937892726829,1.1425334993628156,30.340416,0.8445935666936467,0.7637923,0.8041929215380466
Bagasse Fiber,4525.92,13.15,95.92,27.86,86.92,1.35,0.8039182933602625,0.3156725742141243,0.6685116474465105,1.2627952843192967,28.234339,0.8161013737615371,0.79209214,0.8040967591254127
Bagasse Fiber,2337.18,17.11,96.33,31.77,88.91,1.28,0.7753389371370865,0.2810563966523666,0.6247318198576638,1.2295246717777284,28.846512,0.8239837838874708,0.7838662,0.8039250052802985
Bamboo Fiber,3069.44,21.59,87.01,24.45,81.75736842105263,1.59,0.8185616786032235,0.3375531433086209,0.630785611687834,1.4095791693024828,25.711071,0.7813256154291714,0.8259978,0.8036617224332137
Molded Pulp,3382.09,10.22,90.15,32.25,95.26,0.9,0.7901475839434486,0.2660457539546745,0.6393642138243444,1.060446953961928,31.874935,0.8640413546134652,0.74317265,0.8036070000911564
Bamboo Fiber,4543.76,16.94,97.6,30.46,84.92,1.17,0.7749442968947234,0.3288916045445901,0.6583046333169033,1.2198916688680472,29.064297,0.8262660165810695,0.7809398,0.8036029170048291
Hemp Fiber,5381.92,17.804,99.06,16.48,73.62,2.12,0.8645737086594294,0.385856516481151,0.7045024489105614,1.8939691564966556,17.214552,0.6665648626720699,0.94016755,0.8033662044721739
Corrugated Cardboard,3110.2,22.37,79.82,32.63,85.82,1.02,0.7584698459984851,0.3217363032086048,0.5941669701204804,0.9313841307045985,34.20389,0.8946186727693638,0.71187794,0.8032483074273149
Molded Pulp,2731.42,7.7,90.31,33.22,85.79,0.8,0.7531665160313052,0.2372999541920487,0.6070309360294368,1.0871739038063515,31.482454,0.8577092565847382,0.74844646,0.8030778605616562
Kraft Paper,7636.28,13.86,85.97050847457626,35.313870967741934,84.0,0.9,0.7292947528727676,0.3644852298481629,0.6625186560053274,0.8563779075030428,35.565807,0.9123890042453263,0.6935775,0.8029832661226022
Corrugated Cardboard,6855.37,39.69,89.6,32.0,84.89,0.93,0.761246622065135,0.4891106124030995,0.6720649911481841,1.002555465560185,33.08341,0.8777568957329183,0.7269341,0.802345485544224
Bagasse Fiber,4797.44,3.94,94.95833333333331,30.99,88.36,1.33,0.7805811360767483,0.2661744892381315,0.6618028814679947,1.1525845105199102,30.462137,0.8422123002825889,0.7621567,0.8021845126061993
Bamboo Fiber,5552.06,26.13,98.46,20.36,77.61,1.92,0.8422594370108558,0.422215212149502,0.6992132531758031,1.6270221198494759,22.102324,0.7298094459248355,0.8744894,0.8021494362688448
Bagasse Fiber,3993.1,18.64,91.38,15.04,89.32,0.88,0.9243977682403433,0.3652007339046627,0.7045481914041041,1.1928353662307982,29.783298,0.8326761442458884,0.7712784,0.8019772627967723
Molded Pulp,3761.97,12.98,85.98,29.6116,86.77,1.049795918367347,0.7879908886644786,0.2946618118096373,0.6298882730708388,1.1267767907435733,30.960112,0.848326616075185,0.7554653,0.8018959723842874
Hemp Fiber,6229.51,4.52,98.46,28.79,81.87,1.7308620689655172,0.780550671547589,0.3041638077263563,0.6862630469547226,1.6182837259249092,22.368433,0.7318797295623654,0.8709136,0.8013966771629271
Molded Pulp,3294.23,6.22,98.44,24.18,87.68,0.74,0.838715334511487,0.2641199347022911,0.6700071921925452,1.171294280789943,30.272125,0.8377796171618276,0.76470995,0.801244783327618
Bagasse Fiber,2562.5,14.41,96.27,30.05,87.23,1.61,0.7854971194142892,0.2762025710607947,0.6312420472735758,1.2654937304556888,28.639576,0.8154620630448135,0.7866469,0.8010544828030006
Bagasse Fiber,2515.32,15.21,99.59,31.94,89.61,0.92,0.7759367912143398,0.2745587133653118,0.634764053796276,1.108487838568511,31.457521,0.8526595997747581,0.74878156,0.8007205808131298
Starch-Based Packaging,2899.12,6.55,97.41,19.98,66.32,1.72,0.8117471749558192,0.2682847753087182,0.635033161062223,1.7307786649540433,20.493603,0.7052276429675767,0.8961062,0.8006669132482385
Molded Pulp,1876.82,3.24,91.54980769230768,28.15,85.96,1.14,0.7984758091391062,0.2096685851076005,0.6158658741961812,1.1928184182666746,30.021133,0.8326801595252541,0.76808256,0.8003813593169942
Molded Pulp,3053.02,14.82,85.9,29.6116,92.52,1.48,0.8052408886644786,0.2895018833030082,0.6302884783659064,1.1683518268201132,30.454716,0.8384767377494904,0.76225644,0.8003665906250046
Kraft Paper,6914.05,4.13,90.01,41.96,83.81,0.63,0.6699985432971471,0.2830006164819073,0.6339136215395267,0.6553438563274797,39.551586,0.9600176085778702,0.6400197,0.8000186617050881
Molded Pulp,3371.74,7.64,90.61,33.35,91.63,1.01,0.7695378162080282,0.2498385202218581,0.6286999041033479,1.0781236326120147,32.150723,0.8598534295907372,0.7394668,0.7996601079876599
Bagasse Fiber,4485.32,13.4,98.15,29.34,87.01,1.54,0.7911107876798789,0.3123815646847966,0.6669254257775725,1.2403605613671123,29.311052,0.8214165655738271,0.77762413,0.7995203479114252
Starch-Based Packaging,3908.72,10.68,95.92,23.41,84.43,2.2,0.8357691719262812,0.3015549574720504,0.6708596038332588,1.4806659712081593,25.077492,0.7644838657781404,0.8345114,0.7994976325236223
Bamboo Fiber,5863.22,23.41,94.33,30.03,84.93,0.86,0.7787738424640243,0.3902696616189247,0.6737660436843597,1.1744045142834247,30.524904,0.8370427465691264,0.7613133,0.7991780328876821
Molded Pulp,1746.19,5.18,89.54,31.97,87.23,0.79,0.7685317066397375,0.2072754581236675,0.597900071720829,1.0793663445673598,32.272976,0.8595590086422743,0.7378241,0.7986915455084236
Molded Pulp,2746.49,16.28,99.2,32.61,91.99,0.64,0.7771565690482201,0.2831049422442139,0.6397730794422292,1.059502151295003,32.692425,0.8642651954609841,0.7321878,0.7982265015104756
Molded Pulp,3896.17,15.63,99.08,26.34,92.14764705882354,1.049795918367347,0.8330321863165867,0.3192582344833773,0.6813325189928112,1.0893326340571625,32.234997,0.8571978143271934,0.7383344,0.7977661158351665
Bamboo Fiber,4199.67,29.92,96.71,21.42,75.46,1.54,0.8264431153749052,0.4111306109654119,0.6665268914211644,1.6168668610543526,22.942865,0.7322154104876504,0.8631949,0.7977051466786854
Bagasse Fiber,3626.36,3.18,94.64,30.33,87.46,1.18,0.7837129967180004,0.2398531280046028,0.6437942591619719,1.206527784913186,30.293049,0.8294321625026689,0.7644288,0.7969304784433358
Hemp Fiber,6785.12,4.44,87.66,20.44,83.2,1.48,0.8583225448119162,0.3362657999952029,0.7074935334545411,1.6937925912114162,21.747648,0.7139903130814246,0.8792553,0.7966228039406147
Bamboo Fiber,6178.88,27.03,95.82,34.32,82.16,1.47,0.7325567482958848,0.4044786323656639,0.6598342931284594,1.3324568384959394,28.204716,0.799597291086648,0.7924902,0.7960437376968732
Hemp Fiber,6807.19,10.04,91.43945454545457,20.86,78.36,1.4,0.8400913607674829,0.3643480613379302,0.7041308153424176,1.6452753045397974,22.722752,0.725484936189592,0.8661526,0.7958187603711784
Bagasse Fiber,3666.67,17.45,90.61,29.94,94.3,1.67,0.8076790961878313,0.3147715865394129,0.6515042960385911,1.2351350416892521,29.962566,0.8226545857386367,0.7688695,0.7957620524861702
Molded Pulp,3241.76,15.52,89.33,32.04,95.57,1.48,0.7929331759656653,0.2908403693397129,0.6369722667302448,1.1513289857826425,31.55202,0.8425097568109301,0.74751174,0.7950107506550683
Molded Pulp,3864.86,19.87,96.39,31.0,92.12,1.19,0.7917727745518808,0.3285706583888057,0.6577611052689447,1.1916368357087253,30.857494,0.8329600978133685,0.75684416,0.7949021303771737
Hemp Fiber,5548.74,9.19,90.24,28.62,80.42,1.64,0.7777028174703358,0.3145107986819325,0.6570439394232146,1.6031312312792878,23.612087,0.7354696297206078,0.8542024,0.7948360097188549
Corrugated Cardboard,5933.63,38.15,70.75,39.62,87.97,0.52,0.7031551401161322,0.4430195361476978,0.5974040017827625,0.6831603896888032,39.841496,0.9534273684985293,0.63612413,0.794775751281125
Bagasse Fiber,3854.28,14.68016393442623,92.7,33.4,85.11,0.82,0.7495360085836908,0.2957066312579662,0.6271011071825694,1.1686601904480416,31.37809,0.8384036808263509,0.74984884,0.7941262617236002
Molded Pulp,3166.58,3.96,95.29,34.72,92.47,0.87,0.7599522873011866,0.2233063129489359,0.6313963583404142,1.0895438952396053,32.85269,0.8571477627304089,0.7300343,0.7935910272373206
Hemp Fiber,6500.54,33.34,95.48,21.55,88.08,1.59,0.8631544155516284,0.4756617185206744,0.7243159942931436,1.7067161016674621,22.021793,0.7109284996100294,0.87557155,0.7932500242743903
Kraft Paper,6642.72,15.12,90.11,40.66,84.48,0.85,0.6834955415299167,0.3370014175929986,0.6361900201052719,0.7762717740347724,38.486156,0.9313675967437597,0.6543361,0.7928518458000109
Hemp Fiber,5171.53,33.23,90.0,24.1,74.99,1.36,0.8013522267104266,0.4413169601943159,0.6569996735345363,1.5911849542914394,24.139929,0.7382999189008439,0.8471097,0.7927047971541268
Mushroom Mycelium,2891.39,8.26396551724138,98.42,16.62,82.79,1.99,0.8908466473112849,0.2853890033208828,0.6826001655201139,2.055180266251108,15.963905,0.6283710337380866,0.9569727,0.7926718759884586
Bagasse Fiber,3443.75,18.66,98.69,30.68,87.92,1.31,0.7820003433476395,0.3145157164531454,0.6486799498572724,1.2383726452708856,30.481306,0.8218875388673553,0.7618991,0.7918933262612229
Molded Pulp,3747.48,15.67,89.74,32.43,90.55,0.99,0.7744270764958343,0.3010290528381094,0.6340799004937293,1.1590515166485367,31.897202,0.8406801495135259,0.74287343,0.7917767898828005
Bamboo Fiber,5748.9,27.97,90.5,22.56,88.62,1.32,0.8558499015400152,0.4301371361075115,0.7000018779849981,1.2084152499014171,31.06972,0.8289849878942366,0.7539925,0.7914887429076133
Bagasse Fiber,4049.05,17.83,94.8,33.03,88.09,0.96,0.7617453850037869,0.316784452677565,0.6416723375558409,1.1601738905278471,31.927462,0.8404142388327319,0.7424668,0.7914405230990746
Hemp Fiber,7122.08,22.13,91.14,28.13,81.75,1.12,0.7860225321888412,0.414409230618856,0.6876393038624959,1.456995624690267,26.71088,0.7700917991711275,0.8125632,0.7913274900472946
Recycled Paperboard,3890.58,24.22,74.93,33.72,80.16,1.0,0.7318584397879322,0.344517712951994,0.5809702905594916,1.058739156523593,33.75944,0.864445962728334,0.7178501,0.7911480259007575
Kraft Paper,5427.43,16.75,90.17,42.36,85.44,0.8,0.6713540823024489,0.316056227123685,0.6130395679014257,0.7556114599044591,39.10585,0.9362623989991219,0.6460092,0.7911358028854862
Recycled Paperboard,4332.5,33.76,78.55098360655738,32.49,80.35,1.17,0.7432969073466296,0.405588139878355,0.600077297122994,1.0603121456307028,33.74144,0.8640732931464207,0.71809196,0.7910826289340502
Recycled Paperboard,3577.56,17.4,89.12,29.59,89.73,1.39,0.7970617495581922,0.3135656773648115,0.639331404640113,1.1689044939312028,31.848057,0.8383458009106426,0.7435338,0.7909397955110922
Corrugated Cardboard,6244.87,19.31,75.45,34.67,91.21,0.85,0.7566140949255238,0.3654035355935472,0.636842281009083,0.8395040779768941,37.70086,0.9163867197834462,0.6648884,0.7906375508707271
Bamboo Fiber,5573.54,10.24,98.08,29.6,83.06,1.35,0.7769633880333248,0.3179260172671933,0.6746927045631448,1.3820658221403088,28.215698,0.7878440252119336,0.7923426,0.7900933142092841
Starch-Based Packaging,1618.3,11.88,99.25,20.09,72.43,1.79,0.8291051981822771,0.2689604060949535,0.630756659970776,1.7972064686292057,20.953478,0.6894896942995611,0.88992673,0.7897082129430086
Hemp Fiber,7964.21,13.67,90.56,26.83,78.52,1.1,0.7878195304216107,0.3916773109767779,0.697935709297919,1.4671249406340638,26.774338,0.7676919809392145,0.8117105,0.7897012289072598
Kraft Paper,6511.64,9.15,77.0,42.46,78.63,0.73,0.6500404670537743,0.2991762134777126,0.5894020253078645,0.6776866924374946,40.708294,0.954724186421136,0.6244768,0.7896004884246488
Recycled Paperboard,7461.37,9.05,73.02,33.93,86.66,0.85,0.7495028477657157,0.3397389250094308,0.6444507390641951,1.1051499427673779,33.18946,0.8534504076875757,0.72550905,0.7894797275979077
Molded Pulp,2543.7,5.14,87.77,35.57,91.06,1.12,0.7482115576874526,0.2143901451304022,0.6006894167225779,1.0810846160172114,33.69981,0.8591519190445552,0.71865135,0.788901636678726
Hemp Fiber,6902.57,13.47,96.05,16.79,82.85,2.46,0.8895245013885382,0.3941573434983015,0.7392266185339276,1.877273975974539,19.684278,0.6705202530285717,0.9069812,0.7887507414053381
Kraft Paper,6395.95,13.45934426229508,92.32,35.5,75.69,0.76,0.7027200883615248,0.3364438504947826,0.6387675654255454,0.9940191358292516,35.361412,0.8797793067067273,0.69632405,0.7880516785666052
Starch-Based Packaging,1661.69,6.472678571428572,98.7,32.24,70.67,1.87,0.716465945468316,0.2114776115146848,0.5807938798586652,1.7682780973995882,21.724186,0.6963433488880425,0.87957054,0.7879569463270322
Recycled Paperboard,3790.37,19.02725806451613,88.22,32.55,80.42,0.65,0.7429767381974249,0.3188075992048154,0.6109839462715512,1.073518040311603,33.976192,0.8609445777425583,0.71493757,0.7879410727267173
Kraft Paper,4166.26,8.85,91.66,44.07,86.65,0.74,0.6598742615501136,0.24532011978928,0.5925064338843068,0.7497533626871495,39.718773,0.9376502882291965,0.63777316,0.7877117221976366
Molded Pulp,1546.28,7.17,93.19,33.28,85.48,0.97,0.7517063468821005,0.2100498740325225,0.5936624841630572,1.1376404491854684,32.93807,0.8457528188179181,0.7288871,0.7873199499820791
Bagasse Fiber,3840.86,11.69,91.11,33.72,90.17,1.71,0.7618884397879323,0.2793041844223554,0.63261870968885,1.1851416844506644,32.29178,0.8344989166728664,0.73757136,0.7860351376767958
Bagasse Fiber,4654.57,19.79,98.56,32.49,88.13,1.27,0.7666369073466295,0.3406468853764174,0.6606691745577485,1.2223456846807037,31.662113,0.8256846158308814,0.74603236,0.7858584865233813
Molded Pulp,3697.58,11.30653846153846,97.97,34.09,96.61,0.85,0.7779390633678364,0.2734577349441408,0.6556217414903021,1.1012388964179356,33.86725,0.854377005336156,0.71640146,0.785389231561358
Mushroom Mycelium,3476.97,14.52,95.23,15.23,76.07,1.99,0.8829688992678615,0.3329954803734567,0.6770728909787862,2.095434041310719,16.357996,0.6188341860548494,0.95167726,0.78525572441895
Starch-Based Packaging,3766.27,6.75,99.06,29.77,75.93,1.93,0.7540712421105782,0.2624343987263832,0.6338635843902236,1.7521987528199552,22.455341,0.7001528365665313,0.86974585,0.7849493435647903
Corrugated Cardboard,3318.92,35.81,79.56041666666668,35.44,82.3,1.12,0.7230802575107296,0.3877888643456782,0.579186682227588,0.9992733245097145,35.76481,0.87853449433645,0.69090354,0.7847190193812073
Corrugated Cardboard,5352.11,28.91,79.56041666666668,38.15,89.23,0.54,0.7199242842716487,0.3874302810958533,0.6141577353022194,0.7614261933606682,39.972393,0.9348847834286973,0.6343652,0.7846249922125481
Corrugated Cardboard,5354.3,32.12,82.61,37.99,89.53,0.8552000000000001,0.7222380686695278,0.4043239493681997,0.6215033193457826,0.828283960485865,38.81712,0.9190449686393984,0.6498889,0.7844669208698396
Hemp Fiber,6167.551694915255,8.62,86.95,22.65,89.58,1.69,0.857934647816208,0.339394292705693,0.7009333390914212,1.7031433381315895,23.406025,0.7117749519390191,0.85697126,0.7843731079122586
Recycled Paperboard,4724.91,20.54,77.79,32.0,83.81,1.32,0.7580066220651349,0.3471733568980124,0.613384420055237,1.1067637255525131,33.935806,0.8530680733451974,0.7154802,0.7842741408710545
Molded Pulp,2737.3730188679247,13.36,93.77,34.3,92.14764705882354,1.31,0.7626964125220903,0.2636917508990032,0.6226758336832796,1.1292100534476972,33.598007,0.8477501321119252,0.72001934,0.783884736313531
Hemp Fiber,7790.55,29.24,93.34,23.51,70.54,1.57,0.7932155566776066,0.4762504421215638,0.6974347135353663,1.6642801888856535,24.17247,0.7209823352043288,0.8466724,0.7838273754688331
Mushroom Mycelium,2275.6799999999994,8.26396551724138,98.18,14.21,73.09,1.84,0.8830417748043422,0.2788055162350006,0.6623452632299178,2.200516087324421,14.812225,0.5939383479479508,0.9724481,0.7831932292641975
Kraft Paper,7105.97,7.8,92.42,41.84,85.06,0.89,0.6748088815955566,0.3060534216194054,0.6446548264497843,0.8288352639961942,39.03097,0.9189143548622444,0.64701533,0.7829648440189518
Bamboo Fiber,6967.8,3.52,86.75,26.01,76.53,0.85,0.7890951754607421,0.3212490949052979,0.6740572573513808,1.4727131686568264,27.682741,0.7663680286044743,0.7995041,0.782936064940436
Hemp Fiber,7465.01,15.49,98.92,19.66,78.19,2.02,0.8501847437515778,0.4088318747773079,0.7334633336750788,1.9359041450474197,19.531874,0.6566297050920744,0.9090291,0.7828294156296859
Hemp Fiber,7522.75,14.04,91.43945454545457,16.87,86.47,2.34,0.8996776091895986,0.409635232664202,0.7465022517542726,2.0702032440716223,17.198193,0.624811818459253,0.94038737,0.7825995933307313
Recycled Paperboard,6298.17,10.85,78.6,31.99,84.29,0.68,0.7595349835900025,0.3299259506426673,0.6402806290205255,1.1074811906688655,34.1739,0.8528980928769666,0.71228087,0.7825894811804572
Recycled Paperboard,4334.56,33.59,72.58,33.82,88.54,0.99,0.7561148245392577,0.4014018833753797,0.5994973596738064,1.092586317967942,34.50732,0.8564269577349719,0.7078006,0.7821137922448663
Mushroom Mycelium,1333.49,3.63,99.82,17.61,82.31,1.57,0.8806588563494067,0.227097337414405,0.6566546559309613,2.0007855259772174,18.49813,0.6412581319541699,0.92291975,0.7820889410838965
Kraft Paper,7170.68,13.02,89.61,44.72,80.92,0.42,0.6369407624337289,0.3268556973949292,0.6208408236229022,0.5782059898697502,43.61327,0.9782929649122225,0.58544195,0.78186745594778
Bamboo Fiber,5077.51,13.22,99.34,27.03,82.01,1.65,0.7965222999242615,0.3294751956028674,0.6771937636906917,1.4092815402262377,29.017824,0.7813961291427809,0.7815643,0.7814802122173408
Bamboo Fiber,6924.32,9.61,89.84,28.881,82.79,1.82,0.782506581671295,0.3443051246865032,0.6812208800638712,1.4667831159691824,28.096205,0.7677729653874686,0.7939483,0.7808606290598537
Recycled Paperboard,7153.08,21.83,74.33,39.46,89.95,1.4,0.7105089245140116,0.3849062611169775,0.6279548020151953,1.1091392719935202,34.423603,0.8525052634090164,0.7089256,0.780715434114634
Bamboo Fiber,5936.9,18.8,87.43,29.68,82.59,0.96,0.7748464958343853,0.3690523888474373,0.6577332062848784,1.3108010644956998,30.880827,0.8047279357975365,0.7565307,0.7806293189558209
Molded Pulp,1655.63,10.96,99.11,36.7,89.32,0.78,0.7330067053774298,0.223081475295569,0.6019315982823139,1.0186015290042039,36.05206,0.8739552929576617,0.68704367,0.7804994798986307
Starch-Based Packaging,2309.15,10.99,92.03,27.04,69.97,1.64,0.760313938399394,0.261068668621583,0.5957219693784779,1.77662605150879,22.694939,0.6943655675075828,0.8665263,0.7804459365915447
Kraft Paper,6093.33,3.93,88.45,43.77,89.03,0.78,0.6696651072961373,0.2605207243830536,0.6217115444516206,0.7279485542112961,41.261467,0.9428162419040611,0.6170437,0.779929957948109
Bamboo Fiber,5118.850689655172,16.22,89.46,29.7,86.87,1.51,0.7875097727846503,0.338953882241407,0.6576588378594879,1.203870542350975,32.893173,0.8300617113471113,0.7294903,0.7797759957492392
Mushroom Mycelium,1858.74,13.44,97.3,16.89,66.36,1.76,0.8391708861398637,0.2899778647768348,0.6305406827898854,2.0539998655821945,17.94018,0.6286506920153028,0.93041706,0.7795338764336768
Bamboo Fiber,6634.3,12.42,96.01,30.86,78.0,1.33,0.7506498359000252,0.3477374416414041,0.6720249280673012,1.5651617894544636,26.580372,0.7444652775266742,0.81431687,0.7793910731543588
Corrugated Cardboard,5785.48,24.99941176470588,73.57,42.3,88.46510638297873,0.63,0.6809595706005898,0.3658356669556752,0.5916054099286079,0.8111794216114673,39.95772,0.9230973433966869,0.6345624,0.7788298582790014
Molded Pulp,2115.24,12.92,93.42,36.3,94.66,1.03,0.7525611663721282,0.2435884641293219,0.6098259549166111,1.0743213366826052,35.390602,0.860754262297028,0.6959318,0.7783430272781222
Hemp Fiber,7019.05,17.9,89.76,32.61,79.87603448275863,1.31,0.740814672496496,0.379309102172653,0.6625730922382173,1.7714268606591819,23.1058,0.6955973498965728,0.8610055,0.7783014174772018
Hemp Fiber,7029.65,34.89,89.81,22.75,81.59,1.88,0.8330810325675334,0.4914588281616029,0.7036037549628693,1.746379294711162,23.548342,0.7015315714926431,0.85505897,0.7782952697799062
Bagasse Fiber,4427.68,23.4,90.35,16.73,93.72,0.88,0.922664670537743,0.3942605646789132,0.7115919120555176,1.2130068595181123,33.010464,0.8278971524931975,0.7279143,0.7779057131160293
Hemp Fiber,4352.76,33.8,87.36,34.11,88.48,2.02,0.7533723403181014,0.4021200171647489,0.6281525433070461,1.5207299156201035,27.724342,0.7549919924102247,0.79894507,0.776968530861637
Bamboo Fiber,5225.95,17.082833333333333,85.33,23.08,75.82,1.54,0.8128551022469073,0.3622905808024514,0.6540117896816826,1.6587721170945042,25.31684,0.7222872970774137,0.83129525,0.7767912744618636
Bamboo Fiber,6145.74,13.34,98.73,29.49,76.56,1.16,0.7584353648068669,0.3458574933987058,0.6722401633179613,1.4692746737607476,28.71665,0.7671826702631741,0.7856112,0.7763969412583723
Hemp Fiber,5480.83,12.3,89.22,24.35,78.54,1.68,0.8097931885887402,0.3398260802827693,0.666363950891211,1.702560265560764,24.726633,0.7119130923814497,0.839226,0.7755695499214987
Hemp Fiber,6839.86,8.81,93.46,17.59,88.36,2.37,0.8989855793991416,0.3669744856183826,0.7410637149663124,2.014531209318779,19.303345,0.6380015308493951,0.91209996,0.7750507441577603
Recycled Paperboard,4319.22,4.91,79.35,37.21629032258064,81.81,0.88,0.7059146853596762,0.2455857184515561,0.5864940744036174,1.0936778888033678,35.550682,0.8561683448526397,0.6937808,0.7749745623456008
Molded Pulp,3151.85,18.53,89.53,36.49,92.72,1.46,0.7450622973996466,0.2931760782424244,0.6134335248665403,1.1749087066575936,34.163673,0.8369232942725808,0.7124183,0.7746708060336903
Recycled Paperboard,4921.07,22.33,80.96,33.0,86.62,0.64,0.7576004695783893,0.357854680778792,0.6245913719230999,1.1034169455633347,35.468582,0.8538609860829178,0.69488394,0.7743724643434914
Hemp Fiber,5316.39,18.46,86.55,34.52,82.55,1.34,0.7319595177985356,0.3423248830659553,0.6279876388395847,1.6875136643901205,25.20125,0.7154779044593813,0.8328484,0.774163167069626
Corrugated Cardboard,3804.66,25.23,72.7,39.08,88.46510638297873,0.95,0.7094119816079112,0.3343922120709995,0.5714918787314821,0.8795665699625208,39.455692,0.906895190521606,0.6413083,0.7741017490846556
Mushroom Mycelium,1027.4,14.52,95.74,15.33,73.97,1.92,0.8757852840191871,0.2823448030781136,0.6357166601181221,2.204097293205497,16.11102,0.5930898954746222,0.95499593,0.7740429128347385
Bamboo Fiber,6684.73,16.48,85.27,26.77,76.5,1.7,0.7822896995708153,0.3798998598239729,0.6637879589397885,1.576714420858246,27.189167,0.7417282501081204,0.80613637,0.7739323099066603
Mushroom Mycelium,2682.56,8.24,95.84,19.47,77.01,2.06,0.8483236127240595,0.2737745429811953,0.651859354085114,2.034842968412871,19.176208,0.6331893075890401,0.9138083,0.7734987968895366
Hemp Fiber,5115.52,14.69,91.43945454545457,30.02,88.79,1.33,0.7904422039888916,0.3302393640426235,0.6641988963633472,1.4661980859359094,29.236483,0.7679115695881724,0.77862614,0.7732688567602575
Mushroom Mycelium,2390.79,13.68,98.4,15.36,82.49,2.36,0.9010801994445846,0.3060165962589541,0.6790070186270198,2.2103251940230457,16.133883,0.5916143930802429,0.9546887,0.7731515604679626
Starch-Based Packaging,2980.8583333333336,6.472678571428572,97.65,30.16,65.63,1.33,0.7197251426407473,0.2438697906886889,0.5968441010894625,1.5072601249859923,28.61209,0.758183229540466,0.7870162,0.772599721240341
Bamboo Fiber,3049.97,9.38,87.38,34.52,75.88,0.87,0.7119495177985355,0.2491784589470341,0.5813369438431729,1.328834394388317,31.855526,0.80045551364203,0.7434334,0.7719444647658851
Starch-Based Packaging,2980.8583333333336,4.15,98.22,26.25,71.47,2.45,0.7717944988639232,0.2418420672325472,0.6244722234231711,1.8462446171766225,22.761808,0.677871669588286,0.86562777,0.7717497176219018
Bagasse Fiber,3630.95,10.15,98.53,34.94,91.89,1.25,0.7562683337541025,0.2640160561741632,0.643055940954066,1.1968203504080788,34.295307,0.8317320293880259,0.7106495,0.7711907598722356
Bamboo Fiber,6220.65,14.86,94.72,36.51,88.46,1.07,0.7321055743499116,0.3374628030326496,0.6625830519390447,1.1544935513666914,35.097595,0.8417600139628618,0.69986904,0.7708145253186807
Molded Pulp,2933.12,7.56,85.53,38.12,96.89,1.4,0.743169368846251,0.2283619661903781,0.6042168671728281,1.0887335061766337,36.260723,0.8573397585630055,0.68423975,0.7707897518515405
Starch-Based Packaging,3978.48,9.11,94.71,32.35,80.66,1.34,0.745463968694774,0.2723771305771474,0.6281182997712123,1.359892524839827,31.529936,0.7930972805569709,0.74780846,0.7704528684889347
Recycled Paperboard,6592.58,27.22,86.69,34.34,90.17,1.3,0.7564100252461499,0.4139130933171941,0.6638821410064298,1.1659668280889073,34.957684,0.8390417871042538,0.701749,0.7703954069398069
Corrugated Cardboard,6821.5,15.07,87.09,35.82,87.69,1.03,0.7358925195657662,0.3526426820126137,0.6576507801955263,1.0203154153745522,37.639668,0.8735492422646228,0.66571057,0.7696299053463311
Kraft Paper,6821.08,19.56,82.52,44.85,88.34,0.89,0.6580520626104519,0.3528388165663804,0.6155983240921735,0.7919149063865106,41.691345,0.9276614556350979,0.6112673,0.7694643919487135
Starch-Based Packaging,3104.39,5.92,94.73,27.79,71.62,1.47,0.7586368240343347,0.2495633620578633,0.6138588605533168,1.6068513111573204,27.357386,0.7345882754845459,0.803876,0.7692321291229645
Mushroom Mycelium,2846.37,8.26396551724138,99.19,11.98,60.22,2.41,0.8641363948497853,0.2961769614073986,0.6558784901372742,2.426575434690692,12.907347,0.5403807981278036,0.99804443,0.769212614668684
Hemp Fiber,4050.24,28.47,96.22,29.03,71.31,1.15,0.7467499949507699,0.3814155928142071,0.6261215175461623,1.5246419324009732,28.81517,0.75406516484888,0.78428733,0.7691762491686722
Kraft Paper,5121.6,20.56,81.79,49.22,77.96,0.42,0.5882980762433728,0.3119635692396721,0.5506036420637545,0.4865834604284613,47.124573,1.0,0.53825974,0.7691298723220825
Mushroom Mycelium,3361.52,9.07,98.28,11.73,74.11,2.62,0.9080154329714718,0.3115362466503606,0.6907323589160613,2.426169994314174,12.95458,0.5404768542892384,0.9974097,0.7689432778182947
Bamboo Fiber,3294.54,19.27,89.63,27.05,75.55,1.69,0.7769655768745265,0.3237351758963921,0.6172441048175532,1.585313588680431,27.802826,0.7396909516534704,0.7978905,0.7687907179932544
Corrugated Cardboard,5945.82,15.06,74.15,40.21,93.01,1.08,0.7130618101489523,0.323491879728771,0.6122453063894759,0.8256977830900163,41.21532,0.9196576808600414,0.61766374,0.7686607109858984
Hemp Fiber,4804.55,11.52,99.62,22.21,72.42,2.21,0.8103425549103761,0.3273188594715275,0.6726153737769252,1.9225484201890561,21.972431,0.6597939179760788,0.8762348,0.7680143737009453
Recycled Paperboard,5912.9,14.6,81.01,28.64,92.28,1.32,0.8131060944206008,0.3496678115290432,0.6678271285215874,1.0882044706331484,36.687943,0.8574650966558865,0.6784991,0.7679820996241774
Starch-Based Packaging,1856.46,3.36,99.36,25.19,75.05851851851851,1.53,0.7919263760554291,0.217337306616147,0.6205956180423913,1.7568175125181065,24.925873,0.6990585688199282,0.83654875,0.7678036572260499
Bagasse Fiber,2375.29,24.63,97.15,34.67,88.05,1.42,0.7471340949255237,0.3130436903319308,0.614259615864208,1.290054089184413,33.15733,0.8096432696547615,0.7259408,0.7677920466048771
Recycled Paperboard,3701.97,16.03,83.1,36.26,89.03,1.16,0.7360246124715981,0.2922677027892325,0.602539110572643,1.1086957380450804,36.361965,0.8526103446269234,0.6828794,0.7677448664796451
Hemp Fiber,7586.56,6.59,95.07,30.63,73.16,1.8,0.7381621509719768,0.338043393515488,0.6760279202414222,1.8577315849297578,23.175438,0.6751501990767209,0.86006975,0.7676099754081114
Recycled Paperboard,5122.34,19.44,79.06,36.03,86.26,0.86,0.7297469275435495,0.3395407611120713,0.611698555892741,1.0948910174520752,36.629932,0.8558809327248142,0.6792786,0.7675797724308275
Bamboo Fiber,3727.86,13.17,96.3,28.13,78.5,1.62,0.7762725321888413,0.2986738522844221,0.6390953641208184,1.5871058990172915,28.012918,0.7392663209037229,0.7950674,0.7671668752231322
Recycled Paperboard,5565.32,26.24,78.55098360655738,39.08,89.9,1.19,0.713716662458975,0.3757907593787446,0.6132447947524539,1.1127232925376591,36.38414,0.8516561440910785,0.6825814,0.7671187844021066
Recycled Paperboard,5231.43,11.59,83.3,39.29,80.8,0.83,0.6845610704367583,0.2933398039125835,0.5986058655503032,1.0313808928731047,37.828804,0.8709276304210205,0.66316915,0.7670483880025635
Hemp Fiber,5490.62,25.31,85.99,26.18,88.34,1.54,0.8230230295379954,0.4020570475115189,0.6727178357823123,1.6534395336926295,27.109503,0.7235506825757061,0.8072068,0.7653787460482138
Starch-Based Packaging,2105.07,7.04,94.97,25.11618181818182,75.22,1.18,0.7930630892107134,0.2414911076601993,0.6162446907572078,1.7807409957978595,24.944427,0.6933906627476754,0.8362994,0.7648450410753758
Corrugated Cardboard,5641.91,37.52,77.35,43.19,87.56,0.51,0.6703800757384498,0.4247772634946968,0.5917777708925349,0.7238046180947579,43.670708,0.9437980153524883,0.5846702,0.764234100697637
Bamboo Fiber,5321.81,17.43,88.58,36.47,83.93,1.13,0.7188690204493815,0.3322367572464664,0.627511245469213,1.2524329027568262,34.475224,0.8185564094557178,0.7082319,0.7633941677100367
Recycled Paperboard,5643.29,20.14,78.86,25.49,93.12,0.79,0.84345997475385,0.380454456231397,0.6729709191124389,1.1032420653314159,37.13652,0.8539024183742284,0.6724715,0.7631869708295702
Starch-Based Packaging,3979.77,1.72,95.09,31.99,80.05,1.1,0.7468149835900024,0.2354539262800181,0.6290423344359882,1.4392494504374176,31.359188,0.7742961889596375,0.7501028,0.7621995034859375
Recycled Paperboard,3820.55,14.54,79.0,37.21629032258064,87.22,1.17,0.7221446853596762,0.2846599430158807,0.5889184596838462,1.1046960616628896,37.285744,0.8535579403339771,0.67046636,0.7620121518820002
Recycled Paperboard,5396.034374999999,13.86,75.69,37.31,94.96,1.029516129032258,0.7445366523605149,0.3133542616226726,0.6217271778952745,1.0916028353508445,37.559765,0.8566599625625808,0.6667843,0.7617221245308021
Recycled Paperboard,5747.58,28.97,75.65,37.21629032258064,84.41,0.96,0.7137146853596761,0.398231438498993,0.6063265679343512,1.0781530358330258,37.814102,0.8598464634356433,0.6633667,0.7616065694062677
Corrugated Cardboard,4241.97,31.31,84.74,42.97,92.96,0.56,0.6885240292855339,0.3647163528054695,0.5966050686961063,0.7681202458093352,43.282703,0.9332988412781289,0.58988386,0.7615913526020314
Bamboo Fiber,5772.63,26.55,90.42,36.09,80.14,1.38,0.7108567583943448,0.3891927334525886,0.6320108117488714,1.4381647967774276,31.541275,0.7745531630379463,0.7476561,0.7611046349933994
Bamboo Fiber,6548.57,13.91,92.05,29.19,76.18,1.74,0.7599462105528906,0.3578229096963822,0.6654574902565549,1.6081934841979184,28.580122,0.7342702904052888,0.7874458,0.7608580370102005
Recycled Paperboard,6146.73,33.77,72.79,37.94,88.77,1.03,0.7203998762938651,0.4292067504948201,0.6127388138231921,1.099010288913257,37.639927,0.8549050027795353,0.6657071,0.7603060570690889
Starch-Based Packaging,1816.96,6.95,92.15,29.28,71.32,1.5,0.7445709568290835,0.2245903394268671,0.5825846745631292,1.6300428887462806,28.33616,0.7290937711139036,0.7907239,0.7599088454911864
Starch-Based Packaging,3113.95,6.57,95.19,26.3,71.17,2.3,0.7704526912395858,0.2568516468512877,0.6196699059964889,1.662128686461888,27.821785,0.7214920650588625,0.79763573,0.7595638995700654
Recycled Paperboard,7381.92,28.81,73.48,37.6,88.33,1.34,0.7220841681393586,0.4300684671351704,0.6335877748483083,1.1148028475594038,37.497322,0.8511634598779352,0.66762334,0.7593934004807309
Hemp Fiber,7740.16,10.2,98.25,29.13,72.47,1.53,0.7493463797020954,0.3634843826885536,0.6890654683517734,1.640050351976573,28.274805,0.7267228219946829,0.7915484,0.7591355966548426
Molded Pulp,3184.09,17.28,98.76,37.13,91.86,1.22,0.7368271598081291,0.2858199519174198,0.6282677096792446,1.1833120585214334,36.419098,0.8349323881616532,0.6821117,0.7585220343346566
Bamboo Fiber,4862.77,5.67,98.13,26.17,76.8,1.96,0.7884913910628628,0.2885499581968627,0.6642942563937144,1.781326226265771,25.897367,0.693252011060379,0.82349455,0.758373282313179
Corrugated Cardboard,5293.51,26.54,81.9,42.06,83.12,0.98,0.6670449280484726,0.3642119883743123,0.5909109467846625,0.9117202376075436,41.2535,0.8992774048522145,0.61715066,0.7582140345908717
Bamboo Fiber,6193.51,23.38,88.23,36.62,86.96,0.97,0.7266335975763696,0.3802742495572752,0.6457534066345261,1.1947692859012153,36.328682,0.8322179636826723,0.6833266,0.7577722828323945
Corrugated Cardboard,5487.63,19.65,72.77,43.366666666666674,83.03,0.62,0.655229022132458,0.3296099122797267,0.5704980072591593,0.8020827427969054,43.295742,0.9252525112076397,0.5897087,0.7574805985412894
Mushroom Mycelium,3407.13,9.65,95.4,25.77,77.24,1.7,0.7933458520575611,0.2800003579185343,0.6387614198732355,1.8539645845821822,24.79693,0.6760426696210197,0.8382814,0.7571620313360836
Starch-Based Packaging,2399.95,11.87,93.36,23.31,69.97,2.47,0.7932727871749559,0.2768618267472031,0.6139112301057598,1.9488466995858897,23.149422,0.6535633797329599,0.86041933,0.7569913563570347
Hemp Fiber,7886.09,28.59,89.42,25.54,72.62,1.8,0.7815181671295127,0.4697612253505854,0.6875328796531416,1.8103001829025909,25.600891,0.6863875564640866,0.8274784,0.7569329826387816
Corrugated Cardboard,3044.09,38.27,75.25,43.366666666666674,93.71,0.81,0.687269022132458,0.374725103843598,0.5591178547435506,0.8370264669327894,42.802082,0.916973710670908,0.5963421,0.7566578987314501
Hemp Fiber,6587.71,17.21,91.43945454545457,27.54,80.97,1.96,0.788895862156021,0.3796995406903657,0.6806674356929298,1.7247560117345797,27.200195,0.7066545184921187,0.8059882,0.7563213555252036
Mushroom Mycelium,3028.25,13.05,96.18,20.44,74.66,1.67,0.8327025448119161,0.3030793935599024,0.6495010383511381,2.067011944072081,21.2057,0.625567895174097,0.88653755,0.7560527235269899
Starch-Based Packaging,3979.26,5.19,95.01,26.02,68.24,1.52,0.7641368139358746,0.268292024252896,0.6278622158591809,1.714316509922229,27.4699,0.7091278253689478,0.8023641,0.7557459681578016
Recycled Paperboard,6629.53,19.68,82.62,38.73,81.5,1.18,0.6916093158293359,0.364963205107,0.6223387529987523,1.0645238338288827,38.96114,0.863075468003913,0.6479537,0.7555145785511356
Mushroom Mycelium,3287.6,10.5,96.31,14.16,75.31,2.72,0.8901435824286795,0.3112063987884491,0.6788451586622812,2.3934600174753307,15.5547285,0.5482264396727783,0.96247095,0.7553486941844574
Kraft Paper,4570.17,7.51,85.97050847457626,48.69,77.84,0.61,0.5926212370613482,0.2351018144962467,0.552231965810489,0.6367698015873016,46.609177,0.9644181382339054,0.54518527,0.7548017030795839
Hemp Fiber,7042.03,15.74,85.77,22.12,83.13,2.2,0.8432678086341833,0.3951995373867162,0.7011716508273895,2.017312871487492,22.363737,0.637342504748863,0.87097675,0.7541596254155845
Starch-Based Packaging,3799.71,10.24,95.79,33.16,79.01,1.37,0.73335668518051,0.2724430572206302,0.621154718940431,1.5123571191515188,31.284119,0.7569756593951321,0.75111157,0.7540436132077741
Corrugated Cardboard,3767.75,21.06,81.18,43.366666666666674,86.57,0.52,0.665849022132458,0.3014479263714772,0.567877519710781,0.7861777166681436,44.154152,0.9290206996909132,0.578174,0.7535973473544593
Mushroom Mycelium,2936.35,13.42,97.3,27.72,76.47,1.54,0.773805354708407,0.284704908979857,0.6263766248977064,1.7701247928340935,26.833729,0.6959058333245922,0.8109125,0.7534091616078222
Bamboo Fiber,5776.51,28.37,94.96,33.33,77.01,1.23,0.7258545392577631,0.4055642696618864,0.6453525880780522,1.4768856832187236,32.053593,0.765379484405229,0.74077195,0.7530757168482292
Recycled Paperboard,4791.26,24.99,88.34,38.59,88.63,1.37,0.7142363771774802,0.3546983807770134,0.6202156655441639,1.1573879794464743,37.69366,0.8410742715775552,0.66498506,0.7530296661346944
Starch-Based Packaging,3854.69,7.51,96.51,28.36,77.28,1.81,0.7705802171168896,0.2717067291014716,0.6381619143850265,1.693518100970313,28.25635,0.7140553447863034,0.7917964,0.7529258655141081
Mushroom Mycelium,2125.65,8.58,95.08,23.89,72.62864406779661,2.07,0.7961237509360329,0.2528995082558566,0.616243241164015,2.219611493956459,19.018112,0.5894143005951364,0.91593266,0.7526734779648045
Hemp Fiber,5722.35,3.21,91.22,22.53,84.69,1.6,0.8443249861146174,0.3028223642966009,0.6932873854298602,1.5395567171343587,31.095953,0.7505315824700862,0.75364,0.7520857892609373
Recycled Paperboard,6851.31,34.6,78.55098360655738,41.2,88.12,0.92,0.689644019187074,0.4397248030618229,0.6215002880314395,1.0838932556530196,39.16082,0.8584865014939246,0.6452705,0.7518785139515369
Starch-Based Packaging,3050.0,4.17,99.58,27.05,67.66,1.76,0.7532955768745266,0.2413473764275938,0.6176125873542575,1.7734953231603823,27.021362,0.69510729370226,0.8083912,0.7517492535596566
Hemp Fiber,7334.55,11.93,97.81,30.77,87.35,1.33,0.7794950896238322,0.3598615725957104,0.7054750865823016,2.022496830478997,22.6654,0.6361143310626703,0.8669232,0.7515187720338681
Recycled Paperboard,4597.7,18.95,77.48,39.49,86.47,1.07,0.6998038399394091,0.317501240629271,0.5877567442138869,1.1079221311504222,38.873554,0.8527936260982918,0.6491306,0.75096210445387
Hemp Fiber,6167.551694915255,25.76,86.76,31.01,79.85,1.39,0.7548744130270133,0.406095888386532,0.6494342485786029,1.6345343988646759,29.737577,0.7280296510952613,0.7718928,0.7499612185606311
Hemp Fiber,6691.22,28.34,87.41,25.51,79.87603448275863,1.83,0.803551355152391,0.443972598721021,0.6796964088930324,1.8235072967709365,26.47875,0.6832585522126577,0.8156824,0.7494704817032527
Recycled Paperboard,6639.12,27.51,82.92,43.22,81.21,0.83,0.6510649911638475,0.3939376963376559,0.6055041124602716,0.9945593283812321,41.1398,0.8796513253166532,0.6186785,0.7491649177528548
Recycled Paperboard,6137.83,32.62,71.62,39.37,93.39,0.61,0.7216241782378188,0.4195220462368078,0.6140836042936936,1.0950022112013431,39.457195,0.8558545889136182,0.64128804,0.7485713154910498
Recycled Paperboard,6175.41,6.84,71.4,38.91,80.05,1.16,0.6856688083817217,0.2893868796235631,0.5892849910728278,1.1406154515353861,38.66395,0.845047986930066,0.651947,0.7484975042072205
Mushroom Mycelium,1408.41,7.98,98.96,13.96,84.97,2.83,0.9208908129260288,0.2601384456207277,0.6752310995051645,2.5407386117345285,14.01535,0.5133334757614123,0.9831559,0.7482446909809106
Recycled Paperboard,6099.17,24.94,85.93,38.31,87.14,1.18,0.7122404998737691,0.3820584729618344,0.6336527066490996,1.153596395117057,38.488113,0.8419725665119869,0.65430987,0.7481412176622739
Recycled Paperboard,5016.61,23.81,83.4,41.42,81.72,0.82,0.6685000656399899,0.3461450594279135,0.5892651107103217,1.043648757647173,40.468384,0.8680211512752614,0.6277005,0.74786082945805
Mushroom Mycelium,2275.6799999999994,14.94,96.07,10.63,73.6,2.35,0.9162052007068922,0.3220446342470511,0.6726977986477589,2.2781585995568268,18.790258,0.5755434318982688,0.91899437,0.7472688995104595
Corrugated Cardboard,4677.88,14.94,89.24,43.32,93.54,0.82,0.687171375915173,0.2889385806890376,0.6121759677627933,0.9197112605921056,42.770363,0.8973841869136695,0.59676826,0.7470762234579029
Recycled Paperboard,3806.72,12.9,87.05,33.62,86.87354838709678,0.82,0.7528827001978972,0.2850530094250979,0.6177487516349442,1.1195307439170283,39.267082,0.8500433356819306,0.6438427,0.7469430164127426
Corrugated Cardboard,6397.83,39.99,77.71,53.22,86.43,0.79,0.5783634662963899,0.427661597025095,0.5639201312100373,0.8067852810121922,44.78817,0.9241383948143976,0.5696546,0.7468964893726835
Starch-Based Packaging,2103.02,2.07,94.80654545454549,25.62,69.94,1.77,0.7727712749305731,0.2147159178110267,0.6034178682608644,1.882497354630721,25.978224,0.6692827401105382,0.8224081,0.7458454101057757
Starch-Based Packaging,3746.81,2.95,96.61,25.11618181818182,77.81,2.38,0.8008330892107135,0.2543159086846853,0.6500415551380871,1.9162494562688241,25.422812,0.6612862565053348,0.8298713,0.7455787766939821
Corrugated Cardboard,5009.29,20.78,88.24,36.51,85.73,0.61,0.7239155743499117,0.3428677741168042,0.6254566069139476,0.9908547404911772,41.741856,0.8805290092204436,0.61058855,0.7455587798940353
Bamboo Fiber,5193.43,6.63,88.65,33.32,82.29,1.84,0.7417829007826306,0.2822200955439999,0.6343192079298474,1.4963797890571997,32.834297,0.7607609779961497,0.7302815,0.7455212251011327
Corrugated Cardboard,4623.48,37.19,74.07,40.62,88.11,0.62,0.6947389876293866,0.4086214543803635,0.5803278158435135,0.8694504235437084,44.000977,0.9092918886547543,0.58023226,0.7447620756330717
Recycled Paperboard,4220.54,4.79,77.03,40.04,86.72,1.2,0.695693956071699,0.2358119115149449,0.5794530903069233,1.0865163526184127,40.176403,0.8578650423592156,0.6316239,0.7447444830688748
Kraft Paper,4649.23,9.66,85.97050847457626,47.86,87.75,0.76,0.6296852436253471,0.2498381942588609,0.576415065270871,0.7565624194190892,46.107746,0.9360370994829766,0.55192316,0.7439801276337918
Kraft Paper,4169.3,13.34,86.16,48.74,83.49,0.86,0.6091294294370109,0.256594762843725,0.5575363019410011,0.7716878056004852,45.841827,0.932453621810423,0.55549634,0.7439749784200125
Starch-Based Packaging,1928.69,6.81,94.33,31.64,82.46,2.08,0.7571376369603634,0.2202138027255449,0.6020164146113155,1.6542386223035879,30.364752,0.7233613640246674,0.7634653,0.743413324662938
Hemp Fiber,7323.64,22.83,97.27,25.81983333333333,80.42,2.2,0.802445517125305,0.4279745357939867,0.7091114454722658,1.9489533733206028,25.246046,0.6535381067949992,0.83224654,0.742892324385964
Hemp Fiber,7309.37,32.85,86.31,22.74,88.56,2.16,0.854079394092401,0.4867883010036445,0.7148902004816431,2.0600302554522427,23.2941,0.6272219835382464,0.85847527,0.742848625712681
Recycled Paperboard,4332.51,14.68,80.91,44.79,83.21,1.15,0.6431922317596566,0.2767896795287032,0.5639415330882547,1.1146687189644195,39.995174,0.8511952373690759,0.63405913,0.7426271842572766
Bamboo Fiber,5284.19,25.81,95.13,30.47,76.59,1.74,0.749865935369856,0.3895407695004995,0.6480867021095126,1.6438269006282198,30.723747,0.7258280892843778,0.75864136,0.7422347257373122
Bamboo Fiber,3991.16,7.8,86.4,27.07,76.38,1.7,0.7792788538247917,0.2792569144510002,0.623110610109588,1.7573544982475662,28.74097,0.6989313471841352,0.7852844,0.7421078735852011
Corrugated Cardboard,6716.96,29.63,72.19,44.02,82.46,0.8552000000000001,0.6477460691744508,0.4043801644720346,0.5846920707648543,0.88380031595178,44.178177,0.9058921394892672,0.5778512,0.7418716578755845
Corrugated Cardboard,5756.79,30.79,84.56,45.01,93.34,0.95,0.6716382782125726,0.3880685820703682,0.6126541340841668,0.8643517981227467,44.575108,0.9104998452740176,0.5725175,0.7415086797514192
Starch-Based Packaging,3179.18,1.19,95.14,24.26,75.05851851851851,2.24,0.8001439978681029,0.2357824483615451,0.6360787015466688,1.979955678922701,24.950438,0.6461930996268881,0.83621866,0.7412058773681468
Corrugated Cardboard,4611.23,31.08,81.02,43.366666666666674,90.89,1.19,0.6788090221324581,0.3701339137021536,0.589212682411326,0.9128094301847901,43.767006,0.8990193554222784,0.58337617,0.7411977623134951
Mushroom Mycelium,1545.23,12.15,98.4,25.19,71.18,1.54,0.7802908204998737,0.2559647014069608,0.6061139594940177,1.9687573150471382,25.170124,0.6488461946577158,0.8332667,0.7410564350649876
Mushroom Mycelium,2116.19,8.37,99.19,15.14,67.37,2.87,0.8576641529916688,0.2737194368154425,0.6469446020720108,2.5532729071484392,14.87731,0.5103638743761474,0.9715736,0.7409687328042236
Corrugated Cardboard,4817.69,26.21,75.32,51.88,93.96,0.6,0.6127939106286291,0.3279400265256975,0.5548866243378257,0.8226519175401543,45.402916,0.9203793015221939,0.5613941,0.7408866984715157
Bamboo Fiber,5404.5,17.38,91.79,33.32,77.67,1.77,0.7279229007826307,0.341634436747131,0.634623088455757,1.6440508571807064,31.039703,0.7257750299247137,0.75439584,0.7400854362384494
Mushroom Mycelium,2202.89,10.31,95.21,20.38732142857143,65.12,2.4,0.804548020701843,0.2721942878290805,0.6159424814710186,2.304205638074917,19.446568,0.5693724171654002,0.91017544,0.7397739299305089
Hemp Fiber,5460.08,13.04,85.22,33.12,74.48,1.12,0.7201201312799798,0.3210492734125159,0.6167036432053518,1.5468208953953022,32.81,0.7488105671984524,0.7306079,0.7397092470220015
Corrugated Cardboard,5184.43,17.03,82.61,30.39,81.61,1.05,0.7656328275687957,0.3427107372055572,0.6318227116038546,0.9562997288537366,43.262394,0.8887157167327387,0.5901568,0.7394362551635496
Bamboo Fiber,5118.850689655172,5.3,86.46,35.52,83.3,1.4255932203389825,0.7253733653117899,0.2683180000126272,0.6224723416745529,1.4333317425570862,34.853397,0.7756982010344066,0.70315033,0.7394242665042181
Corrugated Cardboard,5864.69,10.57,83.87,44.1,86.38,0.95,0.6587991769755113,0.2889998843352663,0.6024636900264448,0.9325941868211512,43.794315,0.8943319885800015,0.58300924,0.7386706157957381
Recycled Paperboard,4101.62,16.88,71.07,41.13,81.75,0.97,0.6711525498611461,0.2925498594759775,0.5516171955218334,1.052137828422716,41.720264,0.866009936803111,0.6108787,0.7384443213907523
Corrugated Cardboard,3579.66,13.5,81.23,45.53,83.79,0.65,0.6383934789194647,0.2533870121822392,0.5513228875061711,0.832047525582106,45.6488,0.9181533119683,0.5580901,0.7381217013599739
Corrugated Cardboard,5579.03,8.86,79.56041666666668,31.1,89.1,0.69,0.7818291593032063,0.3071823756109078,0.6440970809318066,0.8412811992485959,45.502083,0.9159656875980732,0.5600616,0.7380136307901559
Starch-Based Packaging,2956.49,6.472678571428572,94.80654545454549,28.43,66.58,2.36,0.7378616864428174,0.2477360129556329,0.5992262841676103,1.876839902470419,27.244856,0.6706230928960373,0.80538803,0.7380055631430412
Hemp Fiber,5559.77,17.63,93.26,28.6,70.53,2.11,0.7482095405200706,0.3580259305538193,0.6435565301799964,1.842530340605009,27.878489,0.6787516489160494,0.7968738,0.737812728411577
Recycled Paperboard,6553.85,16.81,70.07,25.38,90.13,0.85,0.835461951527392,0.3824068825728064,0.6638587299825899,1.100818773409116,40.99291,0.8544765400788579,0.6206523,0.7375644290398257
Bamboo Fiber,5474.2,18.86,92.89266666666666,33.37,75.25,1.4255932203389825,0.7202210931582933,0.3505242027098827,0.6328770263270185,1.5974842351114162,32.329403,0.7368075052923042,0.7370658,0.7369366486880222
Kraft Paper,5016.43,13.36,93.41,47.49,79.57,0.78,0.608414620045443,0.2772821069592877,0.5820177598886486,0.7879450235263108,46.616726,0.9286019927176934,0.5450839,0.7368429365710965
Recycled Paperboard,7141.93,24.98,70.49,40.46,93.05,0.94,0.7109727720272658,0.3982895376314427,0.6225073695393755,1.0934877092251316,41.26958,0.8562134018359268,0.61693466,0.7365740294663947
Kraft Paper,7837.3,7.85,89.14,29.92,87.06,0.88,0.7861358192375663,0.3514495910175587,0.6985126769624656,1.3539534011414163,36.849976,0.7945043664265513,0.67632186,0.735413115277332
Mushroom Mycelium,2852.25,1.52,97.37,17.87,62.87,2.43,0.8200414567028527,0.2468789523559102,0.6353202409494307,2.4190068679227816,18.342009,0.5421739285444933,0.9250176,0.7335957619178155
Mushroom Mycelium,1376.04,7.23,95.03,14.45,66.84,2.75,0.8621710982075234,0.2543931807001949,0.6287473591186489,2.161532769490339,22.904486,0.6031742013261818,0.8637106,0.7334423917912495
Bamboo Fiber,6562.95,20.51,92.68,38.09,81.75736842105263,1.74,0.6980365586840112,0.369461170236795,0.6443918983731494,1.4191276173268343,36.041744,0.7790634153178851,0.68718225,0.7331228314782938
Mushroom Mycelium,1663.26,2.9,97.92,25.03,67.79,1.67,0.771534604897753,0.2114097306902385,0.6008000994046176,2.055006582101656,24.83051,0.6284121826558182,0.8378302,0.733121184273008
Corrugated Cardboard,4345.16,19.1,79.56041666666668,45.0,94.37,0.96,0.6748166397374401,0.2991632180407278,0.5829593391235683,0.8588308225529944,45.930634,0.9118078642857408,0.55430305,0.7330554571634698
Mushroom Mycelium,1696.75,12.11,99.16,29.2,78.31,1.58,0.7662478490280231,0.2487534968915302,0.6090481388721494,1.854712456360251,28.419695,0.6758654852644351,0.78960145,0.7327334652312472
Starch-Based Packaging,3536.72,8.29,94.14,29.56,69.93,1.97,0.7379268341327947,0.2661310789729161,0.609265877320794,1.805437283960654,29.288605,0.6875396652151179,0.7779257,0.7327326974833523
Recycled Paperboard,6465.29,17.11,70.9,41.31,93.56,1.3,0.7049920424135319,0.3419045899179709,0.6106883369005931,1.1091382312144658,41.67119,0.8525055099884068,0.6115382,0.7320218408782977
Starch-Based Packaging,3847.59,4.36,91.13,33.26,72.37,1.39,0.7125530699318354,0.2430527429276431,0.59890458692111,1.6359676548007496,32.393005,0.7276900868299672,0.7362112,0.7319506337584589
Hemp Fiber,4070.29,20.41,91.43945454545457,32.49,71.61,1.77,0.7170769073466295,0.3318019562628461,0.6043565322316359,1.6713049924630916,31.816877,0.7193180321265809,0.74395275,0.7316353916431244
Corrugated Cardboard,4735.78,10.94,78.35,45.53,89.46,0.96,0.6554034789194647,0.2640586308945146,0.574736324136873,0.8922105118465524,45.600082,0.9038996119035723,0.55874467,0.7313221404320718
Recycled Paperboard,5199.05,7.56,89.72,44.46,88.71,0.74,0.6626081620802827,0.2589758563781355,0.6072019686576189,1.0749837669971771,42.633873,0.8605973205691658,0.5986023,0.7295998077455204
Corrugated Cardboard,4836.82,27.23,84.42,43.24,94.55,1.14,0.6909082681141125,0.3553716965047174,0.607300866666753,0.8171140904085235,47.360546,0.9216913129738467,0.53508896,0.7283901346649476
Kraft Paper,7875.89,7.22,85.72,38.3,79.97,0.96,0.6908188613986367,0.3278598210069841,0.6463462061801164,1.357104007069988,37.922756,0.7937579308734586,0.6619067,0.7278323250406111
Hemp Fiber,5079.79,3.57,93.81,28.87,84.08,2.37,0.7864737793486491,0.2754403380298234,0.6633288289761747,1.5456849800223866,34.69211,0.7490796861041079,0.7053176,0.7271986512834077
Bamboo Fiber,4994.7,27.62,94.17,38.75,82.14,1.06,0.693352592779601,0.3719534409295926,0.621441826491386,1.3387188515644224,38.379723,0.7981137068827783,0.6557663,0.726940007595213
Hemp Fiber,5147.11,24.53,88.36,27.27,78.22,2.24,0.7830316233274425,0.388241833842583,0.6477946987424303,1.9727578276182056,27.206509,0.6478984008423867,0.8059033,0.7269008581932576
Recycled Paperboard,4269.43,19.02725806451613,71.27,44.21,84.31,0.69,0.6516172002019691,0.2992269179329789,0.5480633461116198,1.0777621032608231,43.090397,0.8599390824357245,0.5924679,0.7262034932633029
Starch-Based Packaging,3738.32,10.41,96.42,25.61,66.63,2.44,0.7629296364554405,0.2911117451090578,0.6253000785695788,2.048630201833588,26.120378,0.6299228625186859,0.82049793,0.7252103962842911
Cotton Fiber,4662.17,7.93,86.36,36.36,79.96,1.35,0.7079309972229234,0.2702747933858417,0.6053641885227798,1.441599545836064,36.89065,0.7737394088359155,0.6757753,0.724757349185719
Recycled Paperboard,4003.18,21.59,73.27,44.89,85.44,1.38,0.648998616510982,0.3051610702439048,0.547644210867829,1.1279291034438625,42.441307,0.8480536123459734,0.60118985,0.7246217320534188
Hemp Fiber,7142.05,21.0,86.47,23.53,80.65,1.67,0.8233688336278717,0.4206443941723942,0.6938170137704116,1.7942622905909236,30.735683,0.6901872233502364,0.758481,0.7243341245230186
Corrugated Cardboard,6978.62,11.79,87.0,44.27,87.52,1.16,0.6607170310527644,0.3177390424016869,0.6275555637471844,1.0819162730940879,43.49138,0.8589548844346309,0.5870798,0.7230173537258756
Recycled Paperboard,3723.96,17.38,89.28,46.41,82.31,0.89,0.6261776647311285,0.2740112732902939,0.5633747800569182,1.1138633822862258,42.971893,0.8513860362002981,0.5940603,0.7227231689904994
Corrugated Cardboard,4313.63,6.72,78.9,49.63,94.89,0.66,0.635465253723807,0.2234034114246,0.5646570690978099,0.8288772020573133,48.000465,0.9189044189767174,0.5264902,0.7226973152317668
Corrugated Cardboard,5504.02,9.09,70.61,40.77,94.9,0.77,0.7137835647563746,0.2824043481934614,0.5999995351584324,0.7953216322915974,48.604836,0.9268543406252079,0.5183692,0.7226117692353334
Mushroom Mycelium,1835.27,6.7,95.09,20.38732142857143,63.53,2.54,0.799778020701843,0.2461369070402661,0.6068495709329504,2.170054024721434,24.37697,0.6011553617741499,0.84392446,0.7225399122847037
Kraft Paper,7624.31,20.68,82.27,49.52,88.45,0.64,0.6171172304973491,0.3633124735387736,0.6100272735030413,0.8088634937795095,48.379784,0.9236460286056156,0.52139324,0.722519634051877
Starch-Based Packaging,3390.87,8.6,94.80654545454549,33.19,71.46,1.73,0.7104416006059076,0.2555540779838108,0.5976633351101084,1.7721639089647523,31.426605,0.6954227298164684,0.7491969,0.7223098084163824
Mushroom Mycelium,2480.17,12.62,96.99,21.76,72.62864406779661,2.75,0.8149447557328016,0.2862676643606884,0.6336040963427727,2.3827399279451846,20.670673,0.5507662228570454,0.8937268,0.7222465242855783
Hemp Fiber,5084.08,32.66,87.23,27.87,73.44,2.39,0.763389931835395,0.4270798561658889,0.6327274573760515,1.9718409562814672,27.943079,0.6481156242523812,0.79600585,0.7220607346611332
Bamboo Fiber,5661.6,3.19,86.02,36.46,80.59,1.58,0.7089373819742489,0.2663021289698827,0.6209866854263228,1.5028931403249493,36.230587,0.7592178472250366,0.6846447,0.7219312731608581
Starch-Based Packaging,3294.45,2.12,91.65,16.68,66.74,1.85,0.8421664781620802,0.2620549751617253,0.6429375512114164,2.0006072770328727,27.479664,0.6413003623544093,0.80223286,0.7217666119366346
Mushroom Mycelium,2178.35,12.53,95.48,14.05,75.45,2.75,0.8915355592022216,0.2990616417631976,0.6607633509967674,2.536246516862105,18.163708,0.5143977343188647,0.92741346,0.720905598955697
Hemp Fiber,4178.48,32.95,90.56,33.13,70.8,1.93,0.7089917697551122,0.3966539406863577,0.6002215068705381,1.749609669725173,32.240395,0.7007662371998287,0.7382618,0.719514028042816
Mushroom Mycelium,1906.22,13.43,95.9,20.85,76.42,2.77,0.8343597222923504,0.2809060281854101,0.6335940375469806,2.4756364961314934,19.72385,0.5287573449374885,0.9064495,0.7176034208417759
Recycled Paperboard,5536.15,13.16,74.14,44.85,88.22,1.029516129032258,0.6576920626104519,0.2936153814678937,0.5787524554008027,1.0804436667039843,44.45676,0.8593037715345111,0.57410777,0.7167057688429697
Corrugated Cardboard,6446.32,13.99,70.89,48.85,93.72,0.97,0.6388474526634688,0.3064950916032861,0.5821421982548007,0.8529002475422331,48.494106,0.9132129248165328,0.51985705,0.7165349869024376
Mushroom Mycelium,1434.58,1.41,97.36,11.26,61.0,2.15,0.8728384246402423,0.2338355489526681,0.6347160886591217,2.3117820603855774,22.811773,0.5675774256284911,0.8649564,0.7162669022826293
Mushroom Mycelium,1946.89,5.91,99.23,20.89,75.52,2.331016949152542,0.8313062761928806,0.2431172106632703,0.6389374626459146,2.4168263536343595,20.970955,0.542690531834719,0.8896919,0.7161912105603802
Hemp Fiber,5014.54,4.59,85.65,20.79,79.87603448275863,1.48,0.845257994889831,0.2997221632212454,0.6681744045663147,1.8079224292783436,31.749365,0.686950889321915,0.74485993,0.7159054115875322
Hemp Fiber,6812.15,3.59,87.49,24.16,79.09,1.33,0.8131220575612219,0.3230758476477205,0.6852629000901828,1.7159299195375808,33.426544,0.7087455794372435,0.7223233,0.7155344389457641
Mushroom Mycelium,2300.46,14.11,99.32,20.91,65.71,1.58,0.8016995531431457,0.2923493743403201,0.6248777668558148,2.3950944377998926,21.503002,0.5478392159238838,0.8825426,0.7151909130461704
Mushroom Mycelium,1239.37,2.72,98.5,20.38732142857143,60.54,2.52,0.790808020701843,0.2134873306585906,0.5985019071047025,2.358085683551489,22.205595,0.5566072594599425,0.8731017,0.7148544853665679
Recycled Paperboard,7252.54,10.15,75.59,45.61,87.92,0.93,0.650076586720525,0.3115901343210168,0.6046627444810775,1.0578596422392443,45.14625,0.8646543355766605,0.56484294,0.7147486374767458
Mushroom Mycelium,3098.15,3.88,99.71,20.38732142857143,74.73,1.75,0.833378020701843,0.2576730720166295,0.6579869108415414,2.481596589843404,20.052586,0.5273452908922682,0.9020322,0.7146887437070136
Corrugated Cardboard,3683.77,22.6,81.05,51.03,90.81,0.8,0.6108546402423629,0.2882624737142714,0.5457809110154743,0.8333179559516926,49.133934,0.9178523240259526,0.51125956,0.7145559399213015
Mushroom Mycelium,2150.9,4.84,99.55,20.38732142857143,72.1,2.88,0.8254880207018429,0.2431020883996162,0.6377897961509912,2.4050503119130138,21.445724,0.5454804891999999,0.8833123,0.7143963870732208
Corrugated Cardboard,5147.686470588235,35.15,87.22,44.51,82.33,1.11,0.6430263544559455,0.3991350694981405,0.5884545395425368,1.089129299246256,44.736153,0.8572459880231373,0.5703535,0.7137997480093714
Corrugated Cardboard,4195.03,33.64,80.21,48.01,88.46510638297873,0.95,0.6305051399012713,0.3629630104607322,0.5587348964857761,0.9079162297138802,47.945137,0.9001786431538142,0.5272337,0.7137061814897794
Hemp Fiber,5839.46,29.15,85.16,27.58,86.62,2.48,0.8054924160565513,0.4253718604274504,0.6676971733517696,2.074547532108196,27.380642,0.6237825780157031,0.8035635,0.7136730268122644
Corrugated Cardboard,4194.22,15.07,71.4,42.57,84.01,1.13,0.6652084902802323,0.2815470541266455,0.5527736398511086,0.8791170094580667,48.4611,0.9070016995396802,0.5203005,0.7136511035425757
Recycled Paperboard,7297.0,27.74,71.44,46.64,81.0,0.69,0.6202153496591769,0.4000172196745202,0.5792991246690464,1.013689762382669,46.09216,0.8751189793462257,0.55213255,0.7136257631239643
Bamboo Fiber,3812.24,19.82,87.29,36.32,79.33,1.83,0.7063944433223932,0.3138009388059752,0.5930026703564185,1.5864074396214705,36.01979,0.739431798572861,0.68747723,0.7134545147992783
Hemp Fiber,6002.78,4.9,91.43945454545457,31.47,73.49,2.35,0.7317297828831102,0.2946797472409541,0.641798931347156,1.9723289188350202,29.444338,0.6480000170940099,0.77583313,0.7119165734884112
Corrugated Cardboard,5263.09,23.3,71.73,53.95,92.11,0.56,0.5889530749810654,0.3169700848630531,0.543032636775789,0.7009247198127206,51.98688,0.9492186772556419,0.47292382,0.7110712462530193
Mushroom Mycelium,1321.39,8.11,95.64,20.05,74.48,2.78,0.835608644281747,0.2436391473287273,0.6231986470427953,2.5065473047803675,20.23812,0.521434015053187,0.8995392,0.7104865938512852
Mushroom Mycelium,3227.98,12.2,95.79,20.38732142857143,64.09,2.51,0.8014580207018429,0.3029671856758034,0.6308616494743213,2.262927655712511,24.60944,0.5791519180911804,0.84080076,0.709976340133847
Bamboo Fiber,5118.850689655172,29.39,92.58,39.25,80.33,1.73,0.6835045165362281,0.3823130713226541,0.6146605995974501,1.4675027752882628,38.678326,0.7676024650729086,0.6517539,0.7096781837541057
Corrugated Cardboard,5396.47,34.99,79.36,52.37,80.73,0.64,0.5687741959101237,0.3835904732837474,0.5435909300352801,0.8274817562275305,50.071728,0.9192350253436765,0.49865818,0.7089466027902465
Recycled Paperboard,6761.81,5.49,70.59,47.34,86.87354838709678,0.78,0.6316506880797452,0.2732531677607093,0.5784351293788834,1.0355532441977582,46.46919,0.8699391248956319,0.54706633,0.7085027279026804
Mushroom Mycelium,2275.6799999999994,4.93,99.45,22.1,84.84,2.47,0.8485745316839182,0.2418065625355691,0.6585092418265205,2.4520570442556764,21.54542,0.5343437437450755,0.8819727,0.7081582071500951
Starch-Based Packaging,3623.42,10.62,94.85,30.81,69.65,2.22,0.7260416435243625,0.2766955784294816,0.6067316325169834,1.9461999931343437,30.470085,0.6541904323821401,0.7620499,0.7081201728942561
Mushroom Mycelium,3032.68,6.69,96.12,28.94,73.19,1.86,0.7531852486745771,0.2491293430781522,0.6143204231534434,2.1767687782427245,26.408575,0.5995645151649015,0.81662536,0.7080949359195479
Starch-Based Packaging,2161.05,5.13,95.41,34.64,75.05851851851851,2.17,0.7084247350556816,0.2088140473396504,0.5816005480167173,1.8505618203156131,32.198036,0.676848846047061,0.73883104,0.7078399446452346
Recycled Paperboard,4237.19,32.35,77.27,49.31,84.13,1.04,0.6060128225195656,0.3539398173737976,0.5399057690787079,1.0801256406410662,45.84946,0.8593791176633364,0.55539376,0.7073864365496401
Mushroom Mycelium,1191.28,5.2,99.53,19.01,81.05,2.93,0.8645082428679625,0.2286800363928697,0.6460579211260493,2.6051125494808094,19.003338,0.4980821250956097,0.9161312,0.7071066617509145
Hemp Fiber,7532.06,4.03,94.4,33.57,80.91,1.7308620689655172,0.7354338626609441,0.3163849713609741,0.678211917509472,1.7737668349741031,33.661865,0.6950429676407212,0.7191613,0.7071021198448357
Recycled Paperboard,4776.83,11.84,72.56,48.25,88.03,0.61,0.6270791441555162,0.2626469093224672,0.5506165745350542,1.0244703031954776,46.943565,0.8725648741592608,0.54069203,0.7066284527713875
Mushroom Mycelium,2340.94,5.95,98.44,18.61,65.25,2.84,0.8206427038626609,0.2571855582655769,0.6315303865526732,2.611266895760271,18.97904,0.496624049102235,0.9164577,0.706540880876267
Corrugated Cardboard,6498.47,18.33,80.15,53.07,88.46510638297873,0.64,0.5857942083183378,0.3191477732123138,0.5749967052803592,0.8404253758097977,50.2385,0.9161684476564149,0.49641728,0.7062928658341279
Recycled Paperboard,4477.83,15.91,89.42,46.73,88.05,1.28,0.6405700959353698,0.2811830148661938,0.5855560402576137,1.1515916397084416,44.77236,0.8424475293433189,0.569867,0.7061572721141338
Corrugated Cardboard,4949.77,22.03,74.64,49.69,87.96,1.19,0.6141450845746024,0.3147724539811608,0.5518565782329631,0.9228195227846234,48.88016,0.8966477833578363,0.51466954,0.7056586604510434
Recycled Paperboard,4265.87,19.02725806451613,85.61,46.75,94.03,1.3,0.6583333728856349,0.2927411512942759,0.5865412123058218,1.146658323948086,45.011444,0.8436163211127902,0.5666544,0.705135352624495
Corrugated Cardboard,4657.43,35.75,80.56,48.6,82.2,1.09,0.6064964907851552,0.3817964753997854,0.5518063414640859,1.0003134113914487,47.693035,0.8782880789343234,0.53062123,0.7044546547682939
Mushroom Mycelium,1155.87,3.22,98.39,11.37,73.02,2.44,0.9079264478667002,0.2370961159769203,0.6561010959477633,2.3634311473500373,23.664919,0.5553408223626138,0.8534925,0.7044166603802204
Cotton Fiber,5735.92,16.2,90.06,33.73,74.74,1.35,0.7155100782630649,0.3413730008912542,0.6288606937367133,1.706726655209171,35.52816,0.7109259992850374,0.6940834,0.702504695952562
Cotton Fiber,3156.72,3.39,87.45,34.01,78.6,1.97,0.724615955566776,0.2219758449193561,0.5904956592854296,1.7934275860881848,34.043167,0.6903849799504893,0.7140376,0.7022112885649511
Starch-Based Packaging,1997.07,9.22,97.45,32.46,73.97,2.35,0.724421991921232,0.2318968013125567,0.5892331632810607,2.023328281846268,30.075075,0.6359173451890736,0.76735777,0.7016375559086695
Mushroom Mycelium,3352.04,2.88,97.14,28.11,72.59,2.0,0.7587192552385761,0.2382769429672459,0.6232337743437375,2.1911045725562217,27.234505,0.596168106093117,0.80552715,0.700847628362034
Bamboo Fiber,4591.01,20.03,86.44,30.11,79.04,1.64,0.7603969502650846,0.3465772740362223,0.6262545793106027,1.5973241354199448,37.740845,0.7368454358061365,0.66435105,0.7005982409457471
Mushroom Mycelium,1226.54,2.94,98.55,22.17,80.86,2.24,0.836016001009846,0.209849834369745,0.6322931753328134,2.5824715072813205,20.40517,0.503446197670828,0.89729446,0.7003703296989852
Corrugated Cardboard,4031.06,39.55,74.65,50.46,84.95,0.98,0.5983112471598081,0.3836807732360884,0.5287643007675806,0.9251560397993468,49.655247,0.8960942201989597,0.5042546,0.7001743998715135
Mushroom Mycelium,3040.68,4.2,95.61,20.9,76.25,2.74,0.8334079146680131,0.2568356945973327,0.6499896026401721,2.486829544607397,22.216002,0.5261055092210196,0.8729619,0.699533693998785
Recycled Paperboard,5053.47,24.12,86.06,47.4,92.68,0.96,0.6485398737692502,0.3333943456201475,0.5944339494751966,1.139447214933943,46.047115,0.8453247633195958,0.55273783,0.6990312976944963
Corrugated Cardboard,5624.16,27.77,85.04,52.36,88.46,1.02,0.5920525574349911,0.3513125794615766,0.573974732730385,0.9161940121248102,50.021694,0.8982174867183964,0.49933052,0.6987740036741397
Recycled Paperboard,5750.68,25.06,77.23,49.8,86.87354838709678,1.3,0.6099137529623506,0.3464954589995822,0.5668114465707824,1.119892372990411,46.53342,0.8499576592109519,0.54620326,0.6980804574321666
Corrugated Cardboard,3829.94,30.15,83.58,50.68,85.05,1.0,0.596667293612724,0.3308317147380452,0.5429074163327594,0.9320745376811018,49.913506,0.8944551028640665,0.5007843,0.6976196903900105
Starch-Based Packaging,1724.93,3.75,93.44,33.28,82.13,2.36,0.7416563468821005,0.1962049829476987,0.5902197353075647,1.9375870736218572,32.333904,0.6562309888610524,0.73700535,0.6966181709174952
Mushroom Mycelium,2213.26,1.02,96.64,20.97,82.14,2.92,0.8504593839939408,0.2233443912633802,0.6507990890526695,2.589527487803616,20.981798,0.5017745082107123,0.88954616,0.6956603320701389
Bamboo Fiber,4406.58,29.07,99.56,37.8,76.68,1.89,0.6853669376420095,0.3696799398872584,0.6158361509362076,1.7009693634554202,36.67797,0.7122900058767713,0.6786331,0.6954615498553474
Mushroom Mycelium,1096.91,13.5,97.77,24.88,73.32,2.68,0.789450027770765,0.2544394404085087,0.6033886115006012,2.4097546173020508,24.263916,0.5443659541313203,0.8454436,0.6949047802539841
Mushroom Mycelium,3256.0,12.8,95.71,26.82,60.65,2.4,0.734297891946478,0.2903774115837243,0.5998937872521609,2.291734669967461,26.393703,0.5723270151658906,0.81682515,0.694576083304686
Corrugated Cardboard,6824.63,39.56,85.81,51.43,94.82,0.92,0.6193501792476648,0.4387589050899496,0.6102823991540245,0.94075461128588,50.244946,0.8923986363655713,0.49633062,0.6943646276119544
Mushroom Mycelium,2204.8,13.1,95.33,27.35,77.62,2.53,0.7805247311285028,0.2689485348153591,0.6148450943598535,2.3154900685573883,26.226412,0.5666989313980644,0.8190731,0.6928860062073025
Hemp Fiber,6784.72,32.41,87.53,31.64,82.75,2.48,0.7580076369603634,0.4512708167393154,0.663913542909817,2.1289686638575636,29.756813,0.6108892271815388,0.7716343,0.6912617539315744
Corrugated Cardboard,6708.33,6.12,79.1,50.04,88.46510638297873,1.19,0.6125677503531775,0.2685638521175935,0.5876070616255625,1.001930918916164,49.72966,0.8779048621337411,0.50325465,0.6905797570785283
Mushroom Mycelium,3090.65,1.64,97.48,25.06,72.62864406779661,2.331016949152542,0.7857854525265404,0.2342466404517041,0.6315084854825129,2.3909999160576594,25.24259,0.5488092822129103,0.832293,0.6905511281040595
Hemp Fiber,7164.47,3.27,97.59,34.93,87.38,1.88,0.7428266952789699,0.3014951412427153,0.6867165453201547,1.8559439158932252,34.703724,0.6755737302184388,0.7051616,0.6903676508605622
Cotton Fiber,3343.23,17.93,88.13,35.47,65.83,1.64,0.6734051729361272,0.296614926748398,0.5636662361952453,1.7725232196403662,36.202797,0.6953376026158713,0.6850182,0.6901778922083568
Cotton Fiber,4560.15,11.48,90.99,32.51,73.1,1.28,0.7213701842968947,0.2960820452895825,0.6139197939117123,1.8434335554194317,35.148006,0.6785376609832994,0.69919163,0.6888646454349633
Cotton Fiber,3364.0,17.45,87.77542372881356,34.87,60.05,1.61,0.6613668644281746,0.2960980077989318,0.5539889525573344,1.8307594568260148,35.525352,0.6815403842714568,0.6941211,0.6878307533158432
Recycled Paperboard,7492.12,12.64,71.46,47.67,83.28,1.37,0.6179541125978287,0.3240747684773717,0.5830094832678506,1.249422373943821,45.878307,0.8192696582055086,0.55500615,0.6871379023182389
Mushroom Mycelium,1166.11,10.63,99.62,27.7,83.91,2.41,0.7963020777581418,0.2340408996105132,0.6186613713063883,2.332441071428579,27.054867,0.5626829320980917,0.80794096,0.6853119460142558
Mushroom Mycelium,2939.98,6.61,99.32,23.42,70.0,2.65,0.7923908104014137,0.2607481431317207,0.6338208540796498,2.5516850107227036,23.276033,0.5107400757715834,0.85871804,0.6847290566884345
Cotton Fiber,5388.47,19.14,90.31,41.82,73.13,1.36,0.6391956046452916,0.3288617965113812,0.5901436330105749,1.6190527395960754,40.123657,0.7316975363087542,0.6323327,0.6820151094591562
Cotton Fiber,5162.03,8.88,85.23,45.17,77.29,2.63,0.6220744938146932,0.2631840138074894,0.5721121190549099,1.7159778833816386,38.47753,0.7087342159347048,0.654452,0.6815931209125276
Mushroom Mycelium,1342.46,14.09,99.56,28.32,63.36,2.331016949152542,0.7291736632163595,0.2538293279513309,0.5778145570663534,2.3182770191187996,27.90815,0.5660386523816112,0.79647523,0.6812569420145513
Hemp Fiber,6394.13,16.89,85.35,33.47,77.04,2.3,0.7247074779096188,0.3591064543139695,0.6351715832680792,2.0577644440660365,32.67727,0.6277587952543449,0.7323915,0.6800751359427547
Starch-Based Packaging,3728.27,1.54,91.43,31.05,69.37,2.32,0.7230809669275435,0.2317304939303368,0.6000331512397596,2.159132628446789,31.036299,0.603742838168732,0.7544416,0.6790922285440523
Mushroom Mycelium,1281.9,3.72,98.01,25.77,73.72,2.72,0.7827858520575612,0.2058961158977497,0.6041533104512944,2.4930983918139837,25.270554,0.5246203058861729,0.83191717,0.6782687362980364
Mushroom Mycelium,3015.73,14.25,95.56,28.64,70.07,2.88,0.7464760944206008,0.2882675011967556,0.6078337156123104,2.4310117540939054,27.196491,0.539329753788236,0.8060379,0.6726838283101336
Mushroom Mycelium,3217.87,1.08,99.49,17.41,61.33,2.85,0.8194860868467558,0.2533085566006577,0.6438686792132262,2.48690031531987,26.219543,0.5260887423586746,0.8191654,0.6726270754849861
Cotton Fiber,4094.06,11.23,87.77542372881356,38.08,77.61,2.17,0.6856828149457208,0.2711497212896526,0.5882182926457625,1.7523518561951494,40.08866,0.7001165636066199,0.63280296,0.666459763431728
Mushroom Mycelium,1182.98,8.26396551724138,95.52,29.73,75.73,2.46,0.7538246882100479,0.2171419415074556,0.5866652051840501,2.4619386119744036,27.57953,0.53200262155056,0.8008909,0.6664467720484734
Mushroom Mycelium,3025.59,1.53,95.0,24.5,72.62,2.88,0.7907077657157284,0.2337583355645262,0.6276424884143598,2.6171967392412316,24.901066,0.4952191618840893,0.8368821,0.6660506381472449
Cotton Fiber,3665.71,11.99,94.08,41.37,67.92,1.23,0.6275418732643272,0.2579241743184143,0.5623926008310102,1.733497252780985,40.642918,0.7045835603199082,0.62535524,0.6649694020013848
Cotton Fiber,5629.22,10.394833333333334,81.08,36.1,72.96,1.44,0.6892283968694772,0.3034548009983727,0.5966994504057525,1.9347177525551453,38.019653,0.6569107829406639,0.66060466,0.6587577193416545
Cotton Fiber,3092.22,18.21,87.26,43.31,64.32,1.48,0.5995997374400404,0.273092013521565,0.5253415793175379,1.7486039995592577,41.98251,0.701004498659225,0.6073549,0.6541796890192487
Cotton Fiber,5948.94,19.3,92.47,40.67,67.48,1.67,0.6324071800050493,0.3441160601572611,0.5961718143138142,1.868737543957028,40.135582,0.6725426882359218,0.63217247,0.6523575767801618
Cotton Fiber,5661.36,16.38,84.69,36.27,75.33,2.72,0.6948362509467305,0.3343485892959202,0.6085195681020605,2.132428843238049,35.69885,0.6100694480761133,0.69178987,0.6509296567849439
Mushroom Mycelium,3153.17,5.5,99.2,27.99,68.39,2.86,0.7471795935369855,0.2479104146208584,0.6163440320636401,2.6265711940701264,27.383883,0.4929981839091252,0.8035199,0.6482590442613101
Cotton Fiber,4354.987258064515,10.394833333333334,87.57,40.67,76.59,2.07,0.6597371800050492,0.2657008493308518,0.5799851624786867,1.8952876208074405,40.411793,0.6662524946199029,0.6284609,0.6473566893570706
Cotton Fiber,3576.23,5.21,93.85,42.34,69.34116666666667,1.39,0.6232343053521837,0.2189007018372274,0.5597203707545282,1.8146621943589074,42.01788,0.6853541170217032,0.6068796,0.6461168544817684
Cotton Fiber,3054.06,7.81,93.82,44.37016393442623,66.91,1.34,0.5980019672545018,0.216351703509464,0.5390524317691142,1.7464956191343262,43.628056,0.7015040121319642,0.5852433,0.6433736484171326
Cotton Fiber,3952.2,7.25,93.65,31.04,68.56,2.82,0.720739328452411,0.2656149947959395,0.6063513139945035,2.386443248910083,33.477688,0.5498888391107488,0.72163606,0.6357624480053866
Mushroom Mycelium,3298.54,3.3,98.52,29.21,68.25,2.82,0.7359794875031557,0.2365507801597133,0.6123256547012932,2.6460233628191525,28.941439,0.488389613155367,0.7825907,0.63549015021515
Cotton Fiber,3880.09,17.09,93.81,35.35,64.59,2.79,0.6707455112345366,0.3036601266380908,0.5812973202393042,2.247351073169601,36.01163,0.5828422923459458,0.6875869,0.6352145979590141
Cotton Fiber,3187.29,2.7,93.72,33.17,72.56,2.36,0.7139183236556425,0.2211906421478482,0.5946222008937023,2.351351903865189,34.658455,0.5582026137119503,0.70576984,0.6319862253072843
Recycled PET (rPET),9027.73,17.64,15.48,45.49,70.82,1.31,0.5998369250189346,0.3867873014833549,0.4779572713465929,1.5938387367047921,48.15492,0.7376711898282757,0.5244148,0.6310429837920065
Cotton Fiber,5210.31,8.82,90.74,33.05,67.68,2.75,0.700338661954052,0.2944682982632485,0.6105667508480751,2.2865909554204187,35.973423,0.5735456542149873,0.68810034,0.6308229960985825
Cotton Fiber,3197.8,13.67,87.77542372881356,58.59,66.18,1.47,0.4701633274425649,0.2134299354479552,0.4738585630852418,1.885442915882915,43.56984,0.6685848833514587,0.58602554,0.627305209705896
Cotton Fiber,4195.39,15.9,89.74,42.06,75.66,1.97,0.6446649280484725,0.2871107288992939,0.5747434167130753,1.9251378475287075,43.556496,0.6591804357849429,0.5862049,0.6226926611107026
Cotton Fiber,3577.7,10.394833333333334,85.95,39.39,63.71,1.33,0.6324074551880838,0.2529402064885692,0.5438347428186222,1.9611644526660355,43.13504,0.6506450811447875,0.59186804,0.6212565620453246
Cotton Fiber,5208.01,10.01,86.48,41.25,72.89,2.24,0.6435122115627366,0.2798154458536604,0.5813691133870637,2.0486865841504396,41.865276,0.6299095045276144,0.6089301,0.6194198077295054
Recycled PET (rPET),11508.14,26.59,17.72,49.02,80.08,1.28,0.596425306740722,0.4747585479398152,0.5258689140361843,1.6714932491213772,48.92956,0.7192734307178243,0.5140058,0.616639605468928
Cotton Fiber,3723.24,15.65,92.05,45.37,71.44,2.1273770491803274,0.602757263317344,0.2677593544641677,0.5511081700336762,1.9184060889948693,44.658577,0.6607753111893608,0.57139593,0.6160856224087216
Cotton Fiber,3743.8,19.1,91.84,39.03,63.14,2.58,0.6338784700833122,0.3018626017088975,0.5584140520195555,2.245884328359603,39.789627,0.5831897907314367,0.63682115,0.6100054707555804
Cotton Fiber,4255.55,3.2,92.67,33.66,74.8,2.33,0.7163086089371371,0.2444937700270417,0.611628331690814,2.443506740368208,36.35555,0.5363694654494231,0.68296564,0.60966755085139
PLA Bioplastic,7330.06,14.66,83.57,41.2,57.94,1.81,0.5991040191870739,0.3474231152650575,0.578576838474408,2.1079512890949044,42.66532,0.6158686235615346,0.59817976,0.6070241905782985
Cotton Fiber,4961.95,18.37,83.13,41.36,66.27,2.48,0.6226802347891947,0.3173030920115708,0.5572082875130371,2.153457678448189,42.01976,0.6050873365087384,0.6068543,0.6059708280405935
Cotton Fiber,4354.987258064515,5.79,83.48,35.11,73.17,2.95,0.6986061878313556,0.2561473740103429,0.5860114436384042,2.4270006842297653,38.055843,0.5402800488173227,0.66011834,0.6001991951316228
Cotton Fiber,3307.99,6.29,91.49,43.76,61.27,2.28,0.5864734688210048,0.2153296821576669,0.529336269809134,2.125679719297824,43.50725,0.6116684376595225,0.58686656,0.5992674976288183
Cotton Fiber,3560.66,2.97,85.55,38.52,62.49,2.35,0.6364349078515525,0.2167489792593444,0.5436255447208633,2.41243299946813,38.580925,0.5437313969322111,0.6530627,0.5983970490787459
Recycled PET (rPET),7791.65,18.13,19.14,49.97,89.03,1.69,0.6148809618783135,0.3525557774576675,0.4856662983807757,1.7859758928212386,49.735676,0.6921504209200339,0.5031738,0.5976621245225169
Cotton Fiber,5644.22,17.67,86.0,47.8,62.03,2.94,0.5530554127745518,0.3114957412508266,0.540614754144146,2.004463451985378,46.912235,0.6403867647326336,0.541113,0.5907498918610983
Cotton Fiber,5856.04,11.51,81.69,41.95,66.95,2.2,0.6195069048220145,0.2990654125546432,0.5672472962630928,2.142009029844691,44.861454,0.6077997285203889,0.5686698,0.5882347622551896
PLA Bioplastic,7086.96,4.38,79.09,45.99,72.99,1.85,0.6019288487755616,0.2776646599235282,0.5778164015604987,2.1210514118087698,45.32659,0.6127649674505529,0.56241965,0.5875923101946978
Recycled PET (rPET),9535.79,8.83,16.85,48.39,83.64,1.57,0.6126720828073718,0.3447857058854981,0.5031979518914715,1.8060808984313146,50.929913,0.6873871813011414,0.4871266,0.5872568850612763
Cotton Fiber,3990.36,2.27,89.82,51.93,72.26,2.75,0.5472521030042918,0.1881486081632952,0.5275629045995206,2.6328247444008808,36.812172,0.4915166046809524,0.6768298,0.5841732097959205
Cotton Fiber,4617.92,7.78,89.1,46.91,76.38,2.76,0.6039695884877556,0.2419612492766514,0.5630553808886661,2.2152492774211945,44.3504,0.5904477886244333,0.57553697,0.5829923774741429
Cotton Fiber,4228.78,8.28,88.44,44.37016393442623,62.9,1.6,0.5859719672545018,0.2429285453960164,0.5383873739861568,2.07013187674596,47.22308,0.6248287266700578,0.53693616,0.5808824452861703
Recycled PET (rPET),11892.25,5.57,15.09,52.32,75.41,1.62,0.5532560035344609,0.3666456909463735,0.5046933764759981,1.8267817800878001,51.938633,0.6824827678647802,0.4735722,0.5780274812205218
Recycled PET (rPET),10872.38,24.18,7.11,47.73,84.62,2.03,0.6214439434486241,0.452588665640671,0.5087804332227448,2.0219653950281535,48.881138,0.6362402377370298,0.5146564,0.5754483311297148
Cotton Fiber,4132.55,11.97,94.24,55.68,76.84,1.9,0.5278565311789952,0.2312993862058115,0.5335657759496228,1.7906256119308768,53.009495,0.6910488183286548,0.45918274,0.5751157787932337
Recycled PET (rPET),10780.79,11.7,19.69,51.0,73.55,1.75,0.5593397248169654,0.3785143471991643,0.4980316022626582,1.8181665891574732,52.720146,0.684523862483679,0.4630708,0.5737973361624176
Recycled PET (rPET),10699.62,26.79,12.878653846153847,46.06,75.77,2.17,0.6096503181014894,0.4666212562989484,0.5062887929759862,2.1496575926100365,46.911396,0.6059876456044199,0.5411243,0.5735559649359228
Cotton Fiber,4201.73,12.46,80.18,40.15,67.62,2.89,0.637421979298157,0.2744402338561978,0.5468532143669059,2.1649473460415543,46.699543,0.6023652263561705,0.543971,0.5731681142290344
Cotton Fiber,4911.55,10.38,88.29,49.85,66.14,2.03,0.547271300176723,0.2538997883536927,0.5343509710690781,2.062403156914554,48.6188,0.626659800245378,0.5181815,0.5724206515322197
Cotton Fiber,4493.33,10.394833333333334,88.35,48.02,71.56,1.99,0.5797014592274677,0.2499912357510091,0.5457877300168588,1.9930523853913271,49.8527,0.6430902528862187,0.50160134,0.5723457956363771
Cotton Fiber,3723.53,4.8,81.06,38.54,64.09,1.98,0.6410581848018176,0.229424425045145,0.5402731209575051,2.195042624070161,46.858543,0.5952351104324227,0.5418345,0.5685347920211735
PHA Bioplastic,5032.42,4.07,93.17,35.45,59.87,2.79,0.655701895985862,0.2604152416370475,0.5879785155673987,2.766981651763538,36.904476,0.4597324058256369,0.67558956,0.5676609836440196
PLA Bioplastic,7910.621499999999,8.51,68.89,43.13,65.0,1.81,0.6032302448876545,0.3229891138264836,0.5649542362794755,2.216528886949013,46.668056,0.5901446259734084,0.54439414,0.5672693807242836
Plywood (Lightweight),11520.53,20.96,67.52,40.78,65.38,2.11,0.6251352032315071,0.4669740781111905,0.6275740228260918,2.486665440282214,42.120094,0.5261443885050399,0.60550606,0.5658252255063346
PLA Bioplastic,7177.55,7.47,79.62,43.32,50.86,2.47,0.5591313759151729,0.3020991268592594,0.546126522051636,2.2542154087480464,46.27952,0.581216007040746,0.54961497,0.565415486478213
Cotton Fiber,4891.66,14.25,83.84,55.98,67.04,1.89,0.4958056854329714,0.2578404950467564,0.5037204181088288,2.1965130590621724,47.366116,0.5948867377760407,0.53501415,0.5649504451514481
Cotton Fiber,3296.84,8.15,85.99,53.55,69.24,1.65,0.5238775359757637,0.1999129862980421,0.4970181325866211,1.8979408343958009,52.931084,0.665623900312268,0.46023637,0.5629301354378875
PLA Bioplastic,7910.621499999999,8.1,82.62,40.43,51.33,2.41,0.5860778566018682,0.3277051644801934,0.575329166277328,2.5341088346365233,41.724373,0.5149041899183792,0.6108235,0.5628638509978554
Cotton Fiber,4610.2,15.42,87.96,52.46,71.77,2.22,0.5410989421863166,0.2669301466265243,0.5304163250207745,1.968939857014733,51.764816,0.6488029471625884,0.4759078,0.5623553748721877
Cotton Fiber,3197.44,14.6,80.17,45.83,69.34116666666667,2.71,0.592396133173441,0.2504009603098517,0.5132688745668115,2.312270629529234,45.98538,0.5674616747579483,0.5535674,0.5605145421366646
Recycled PET (rPET),11838.93,28.81,12.41,49.66,75.91,2.15,0.5782601691492048,0.491321521605559,0.509577921108205,2.073750214249555,50.266872,0.6239714770434769,0.496036,0.5600037350713447
Recycled PET (rPET),7519.67,7.49,5.34,58.91,94.31,1.58,0.5517257586468063,0.2698817214756666,0.4305439669528739,1.5772691887814736,59.30894,0.7415968155488639,0.37453568,0.5580662476830318
Recycled PET (rPET),8660.17,14.66,11.53,55.54,82.32,1.45,0.5455335925271396,0.3385862334576722,0.4493182803058156,1.7171156680148258,56.850826,0.7084646541674676,0.4075659,0.5580152729550869
Cotton Fiber,4367.05,16.8,80.76,49.19,69.34116666666667,1.57,0.5627066608179753,0.2772526659962832,0.5197740546180913,2.1534657231405565,49.318985,0.6050854305755519,0.50877297,0.5569291999107313
Recycled PET (rPET),10366.05,24.81,19.74,50.0,76.23,1.79,0.5762158773037112,0.4396678575617827,0.5008788924684888,1.8772403689728696,54.41842,0.6705282151353688,0.4402507,0.5553894549435541
Cotton Fiber,3651.95,4.86,83.44,35.14,71.57,2.08,0.6935411032567532,0.2368427838767087,0.5717693673005785,2.1206853213563845,50.183517,0.6128517009029437,0.49715602,0.5550038624410654
Recycled PET (rPET),11138.75,25.29,12.878653846153847,47.87,80.14,2.18,0.6067668821004797,0.4634020742590408,0.5149505612608274,2.126963663492014,50.249996,0.6113642480476007,0.4962628,0.5538135184100919
Cotton Fiber,4064.13,2.27,83.46,37.54,60.41,2.99,0.6388543372885634,0.2259955849053472,0.5467610370945403,2.8172451790389044,38.132645,0.44782406672110486,0.65908635,0.5534552066736933
Cotton Fiber,4527.52,5.95,82.28,49.43,69.34116666666667,1.83,0.5605859842211562,0.2243643017422911,0.5243847107058117,2.175578405942563,49.50554,0.599846535901992,0.50626624,0.5530563861036144
Recycled PET (rPET),7623.28,5.59,8.17,60.16181818181818,77.55,1.84,0.49038450230658,0.2591194603604638,0.3995484396748835,1.941014278847552,53.779976,0.6554190219295474,0.44882965,0.5521243364042268
PLA Bioplastic,6989.68,3.64,76.24,41.15,71.98,2.58,0.6416658268114113,0.2840913438928134,0.5869177277740392,2.537828979432215,43.286564,0.5140228203021491,0.58983195,0.5519273842912418
Cotton Fiber,5707.73,5.33,87.77542372881356,51.98,70.67,1.83,0.5420402953799546,0.2390323119642392,0.5466001816932304,2.0735934942889993,51.680508,0.6240086068379006,0.47704065,0.5505246276491444
PHA Bioplastic,8600.99,7.95,82.86,39.53,57.2,2.13,0.6116403938399393,0.3434127318027493,0.6016108174403415,2.6527449002907098,41.597755,0.48679715930554834,0.61252487,0.5496610131816744
Recycled PET (rPET),10613.57,15.14,12.18,69.07,73.57,2.4,0.3997304493814693,0.3470770686972715,0.4120250453410932,2.0603774530609407,52.06269,0.6271397261423814,0.47190517,0.5495224490067834
Cotton Fiber,5872.19,8.91,84.51,52.15,72.14,2.46,0.5449481494572077,0.2603269425900431,0.5448961039988883,2.201369674002614,49.76605,0.5937361178186695,0.50276566,0.5482508866681238
Cotton Fiber,5498.54,16.59,85.4,57.28,67.91,1.68,0.4869286872002019,0.279032338527456,0.5130254581888786,1.9330222953239222,54.742363,0.6573124674371781,0.43589783,0.5466051472928077
Cotton Fiber,3783.54,14.75,84.52,54.42,71.17,1.67,0.5219800833122948,0.2415415639837142,0.5021504104471516,1.9615400802334164,54.30468,0.6505560881772848,0.44177908,0.5461675826151775
Cotton Fiber,4126.29,19.96,82.62,59.92,70.66,1.42,0.471851244635193,0.2613986004821454,0.4817870360306638,1.7782774477968288,57.645325,0.6939743218457692,0.39689004,0.5454321830290553
PLA Bioplastic,6174.52,13.6,77.66,46.01,67.46,2.76,0.5851621257258268,0.3060749495543533,0.5497378951762308,2.423798018231095,47.078453,0.5410388183430224,0.5388795,0.539959166041781
Recycled PET (rPET),10071.08,17.36,12.878653846153847,49.21,81.84,2.32,0.6000264377682403,0.3974275151902961,0.4968011538880747,2.184217164213513,51.363422,0.5977998577536605,0.48130143,0.5395506423205864
PLA Bioplastic,6336.44,7.19,80.1,59.86,57.06,2.27,0.4315814137843978,0.2416023095926687,0.4838729369086801,2.1643022263374934,51.757042,0.6025180668871759,0.47601223,0.5392651484033048
Recycled PET (rPET),9166.45,9.2,5.01,47.53,80.67,2.42,0.6113611739459732,0.3412534504402407,0.471109441443274,2.362827090928125,48.27429,0.5554839342590592,0.5228108,0.5391473755119454
Cotton Fiber,4164.17,6.94,88.56,46.94,68.86,2.85,0.5811445039131533,0.2282466383739027,0.5398188885823442,2.444209122107821,47.250168,0.536203058506068,0.5365721,0.5363875786190313
Recycled PET (rPET),11517.99,10.12,11.78,53.44,80.82109090909093,2.2,0.5595927854765785,0.3794274066231181,0.4988718087637673,2.1130263781384766,53.124763,0.6146662431359537,0.45763385,0.5361500480473165
Recycled PET (rPET),7856.83,23.43,10.38,68.04,85.66,1.45,0.4451016864428174,0.3354286574326119,0.3939630908950647,1.9288916130359954,56.516403,0.658291100813786,0.4120596,0.5351753529676992
Recycled PET (rPET),10808.84,7.55,8.17,60.3,70.6,1.47,0.4683135066902297,0.3343522912654479,0.4342806832309142,1.6662903033134757,61.18436,0.7205061027243781,0.34933525,0.5349206779815281
Plywood (Lightweight),13296.24,39.92,54.76,46.07,70.8,2.0,0.594651956576622,0.587284022687545,0.62023360769194,2.4987752747351824,46.603806,0.5232753496018276,0.54525745,0.5342663993759565
Cotton Fiber,4519.35,12.47,87.77542372881356,58.23,64.03,2.1273770491803274,0.4668943423377935,0.2353812369963419,0.4913143410332142,2.04147604173131,54.84106,0.6316178124978091,0.43457156,0.5330946883476747
PLA Bioplastic,8931.49,13.77,78.83,43.95,51.63,2.39,0.555874599848523,0.3688693171833426,0.5707636016721317,2.632256059951966,44.742043,0.49165133631695657,0.57027435,0.5309628446721502
Recycled PET (rPET),9810.19,25.03,19.29,60.16181818181818,85.69,1.79,0.51480450230658,0.403703791477629,0.4718385560019718,1.8539050911376025,58.561493,0.6760567646945442,0.3845793,0.5303180327874881
Plywood (Lightweight),10938.64,53.78,70.77,46.96,69.78,2.14,0.5837277808634183,0.607535217318535,0.610499010171584,2.502206720015989,47.153225,0.522462378124545,0.5378748,0.5301685979863753
PHA Bioplastic,7863.64,9.09,80.43,41.68,67.72,2.47,0.624202665993436,0.3286545050388228,0.5982657308481076,2.6908862995789833,43.843506,0.4777607716649077,0.5823482,0.5300544995829116
Cotton Fiber,4443.8,2.44,94.72,44.37016393442623,73.24,2.93,0.6169919672545018,0.217434401030526,0.5749591215165386,2.7489582591007338,42.820343,0.46400247367159164,0.5960967,0.5300495840705217
Cotton Fiber,5491.89,8.03,92.32,56.75,75.12,2.35,0.5132418480181772,0.2363811062887351,0.5432051534979689,2.1512494805506543,53.38299,0.6056104985468838,0.45416397,0.5298872335549818
Plywood (Lightweight),8519.36,20.99,63.99,41.31,71.36,2.66,0.6383920424135319,0.4040427147644435,0.584148924909587,2.8007567298748284,41.952232,0.45173047867818783,0.6077617,0.5297460798790261
Recycled PET (rPET),10611.68,7.75,7.91,47.36,73.9,1.35,0.59255331986872,0.3639889682592735,0.4863205642616877,1.988187976943625,56.580154,0.6442427192664797,0.41120297,0.5277228432166902
Recycled PET (rPET),11637.34,21.8,11.03,74.44,72.74,2.0,0.3497903105276445,0.3887021013332155,0.403524260790476,2.0290939878612493,56.07238,0.6345513451066026,0.4180261,0.5262887173874382
PLA Bioplastic,7981.95,7.48,83.95,48.14,67.55,2.471724137931034,0.5666111209290583,0.3065316881166363,0.58233557414235,2.484489367276782,48.15055,0.5266599395749627,0.5244735,0.5255667139529019
Cotton Fiber,3320.58,5.95,85.14,55.86,74.01,2.1273770491803274,0.517776023731381,0.1832990680043991,0.4964747951786434,2.1385002413727388,54.52628,0.6086310239991397,0.43880135,0.5237161861042604
Recycled PET (rPET),11193.99,21.71,8.93,54.92,83.57,2.16,0.5547620070689219,0.4283998995589806,0.4880591470970908,2.092060993513007,55.36354,0.6196333221117141,0.4275509,0.5235921170075477
PLA Bioplastic,8654.05,5.47,64.19,43.6,62.01,2.471724137931034,0.5901072532188841,0.321524303694352,0.5592556783765391,2.6103511900968783,46.308678,0.4968409963431216,0.5492232,0.5230320904643464
PLA Bioplastic,6963.56,8.421694915254237,69.88,47.36,73.72,2.61,0.59201331986872,0.2923724716400093,0.5537438809172818,2.4765030707031155,48.855484,0.5285520377412445,0.5150012,0.5217766077645126
Cotton Fiber,4367.64,2.96,90.63,46.06,60.74,2.77,0.5645603181014895,0.2142652104338504,0.5341956307364433,2.708356572429182,44.8311,0.47362174791098144,0.56907773,0.5213497390449072
PLA Bioplastic,6836.62,10.43,83.03,57.08,52.47,2.32,0.442375917697551,0.2755099589770996,0.4988051788207125,2.1495230182336673,55.18838,0.6060195287092367,0.42990458,0.5179620544127543
PHA Bioplastic,5795.43,5.86,85.51,38.07,61.03,2.88,0.6360311764705882,0.2786692375993115,0.5768137120385146,3.069309874186834,39.04301,0.38810537945792245,0.64685357,0.5174794728138306
PLA Bioplastic,6650.69,11.36,69.56,53.56,67.02,2.25,0.5171291744508961,0.2853355663211538,0.5113964430887378,2.2232518005676365,54.290173,0.5885518460894491,0.44197398,0.5152629151654673
PHA Bioplastic,7177.07,2.14,81.0,43.87,48.98,2.5,0.5486314920474628,0.273395385073053,0.5430393472709603,2.739801507677949,45.216743,0.4661718737704157,0.5638957,0.5150337880662381
PLA Bioplastic,7871.19,7.24,72.68790322580645,40.37,62.98819672131148,2.89,0.6215826159150074,0.3226396277179826,0.5783782498783782,2.8075118922795035,44.054726,0.45013005847328746,0.57951,0.5148200159996442
PLA Bioplastic,9733.74,2.99,82.79,50.19,69.1,2.08,0.5531470083312295,0.3143960510324831,0.6023812328475121,2.4582463953642697,50.415493,0.532877374474285,0.49403894,0.5134581569751491
Recycled PET (rPET),8607.51,28.25,15.4,65.22,84.18,2.6,0.4655796364554406,0.3826854186992275,0.4233168115106803,1.8831329152892544,60.64099,0.6691321642903844,0.35663658,0.5128843740477342
PLA Bioplastic,8633.68,8.82,68.81,49.37,71.51,2.52,0.5676226533703611,0.3237000616903863,0.5653409867357384,2.517316464884143,49.57999,0.5188826061621201,0.5052658,0.512074189252401
Recycled PET (rPET),7707.45,16.566981132075473,11.64,48.85,74.61,2.65,0.5815174526634688,0.3456437204491493,0.4447518656441667,2.4576725357026272,50.675526,0.5330133322118272,0.4905448,0.5117790641009088
PHA Bioplastic,5070.92,4.03,97.28,53.38,58.22,2.02,0.4923196818985104,0.2157360877082252,0.5256021304409495,2.338272455113189,52.882812,0.5613013717872815,0.460885,0.5110931800476172
PHA Bioplastic,8066.16,7.08,85.82,36.35,58.5,3.38,0.6436393587477909,0.3359802813509128,0.6139269309483566,3.1993193767525163,38.05063,0.3573037758441938,0.66018844,0.5087461061761862
Recycled PET (rPET),9535.17,24.26,7.0,61.29,72.12,1.75,0.4641257157283515,0.391252547508868,0.4115753907967321,1.8740523709781316,61.43152,0.6712835095455267,0.34601414,0.5086488257909824
PLA Bioplastic,6830.08,5.74,73.92,56.62,56.73,1.88,0.4592205478414541,0.2525100865350209,0.4907261821005662,2.0548069911884106,58.489033,0.6284594693546622,0.38555294,0.5070062060537501
Plywood (Lightweight),13286.64,43.12,67.88,51.24,70.13,4.0,0.5469590482201463,0.5904276923913411,0.6254359791401217,2.7760336432347232,45.838726,0.4575878252549249,0.555538,0.5065629119656125
PLA Bioplastic,6282.31,4.19,65.53,55.43,71.55,2.471724137931034,0.5141955693006817,0.2363038140947802,0.4996216486562159,2.4208147894624266,52.319313,0.5417455992183293,0.46845686,0.505101231787662
PLA Bioplastic,7465.51,8.421694915254237,69.11,51.57,74.63,2.471724137931034,0.5575431178995203,0.2920711180762207,0.5458246980284456,2.5074151799678153,50.953976,0.5212283997175199,0.48680323,0.5040158166705122
PLA Bioplastic,6229.01,9.55,62.82,45.56,73.44,1.76,0.6070783943448623,0.2875841697071506,0.5345301470144572,2.3777247738967766,53.466732,0.5519544035977786,0.45303875,0.5024965778383943
Recycled PET (rPET),9838.82,13.21,10.56,57.5,79.42,1.9603636363636363,0.5195147336531178,0.350459621421389,0.4523412099005784,2.1004063152115076,58.47972,0.6176561643969818,0.3856781,0.5016671384519241
PLA Bioplastic,6978.41,13.17,73.2,61.02,65.51,1.56,0.4466814768997728,0.2825170927408869,0.4924709780805208,1.9773349565810212,60.66543,0.6468139961702718,0.35630822,0.5015611089936443
PLA Bioplastic,9892.03,14.6,70.0,61.63,67.52,1.56,0.4473214238828578,0.3482486222320491,0.5327332013314988,1.9443539203474314,61.28349,0.6546278004291092,0.3480032,0.5013155045331734
PLA Bioplastic,6548.11,12.08,69.74,56.14,55.52,2.32,0.4598319010350921,0.2804000713652296,0.477403694847579,2.174393603315252,57.27919,0.6001272370828037,0.40180987,0.5009685541397753
Recycled PET (rPET),8702.5,21.94,18.34,71.51,70.61,1.41,0.3692902373138095,0.3364341245338074,0.3797093095187132,1.5139791336550639,69.381996,0.7565913748097137,0.23918176,0.49788656589149016
PLA Bioplastic,7145.31,12.22,66.16,58.77,62.98819672131148,1.91,0.4589974101588852,0.286764525764048,0.4844278315000795,2.08957631228622,59.248886,0.6202219880533848,0.37534267,0.49778232757809926
PLA Bioplastic,6318.88,11.39,72.91,54.54316666666667,68.38,2.471724137931034,0.512521763864344,0.2761803752940996,0.5119805735580993,2.312765105630445,55.329082,0.5673445244222775,0.42801392,0.497679222603137
PLA Bioplastic,7439.28,14.27,78.32,54.54316666666667,51.77,2.54,0.4626917638643439,0.3139859320648137,0.5068810824722605,2.4094687563872865,53.666344,0.5444336797545359,0.45035654,0.4973951114093267
PHA Bioplastic,6429.01,2.71,83.62,35.86,61.17,3.5,0.6559790734662962,0.281146813829133,0.5914552522997426,3.3080276060960916,37.874104,0.3315488292925026,0.66256046,0.4970546461220814
PLA Bioplastic,9735.95,10.07,64.03,46.4,61.32,2.62,0.563296026255996,0.3602803028994407,0.5636464535728128,2.782521319606518,47.384594,0.4560507773312378,0.53476584,0.4954083084539795
PLA Bioplastic,8338.44,5.0,64.76,40.45,51.08,3.42,0.5851511335521333,0.3205755956494636,0.5455956458162796,3.1363692036071655,41.179535,0.37221781091373884,0.61814463,0.49518122114977103
PHA Bioplastic,5494.22,5.29,97.88,46.52,47.81,2.77,0.5217056879575865,0.2482189705994837,0.5384935696939185,2.7946149252075423,47.312428,0.453185583336704,0.53573555,0.494460565439638
Plywood (Lightweight),10909.85,77.26,60.88,41.17,56.53,3.22,0.5951391037616763,0.7418472889694243,0.5856792586362239,3.0987400819533093,41.98306,0.3811328307133822,0.6073475,0.49424015955835127
Plywood (Lightweight),13510.7,55.82,69.26,44.32,73.26,3.29,0.6174952234284271,0.6775693837707568,0.66412193229093,2.9545367260752173,44.70966,0.4152972150073876,0.5707095,0.49300337077311823
PLA Bioplastic,9214.54,9.69,72.39,42.21,66.22,3.48,0.6150195051754607,0.3581840667534184,0.5980063323259812,2.9918478947468405,44.078926,0.40645752402243285,0.57918483,0.49282117710559203
PHA Bioplastic,8195.78,9.14,88.71,42.29,56.8,2.87,0.586052612976521,0.334204189196055,0.5958191080091922,3.051842164332405,43.054043,0.39224379599177484,0.5929564,0.49260010987561764
Recycled PET (rPET),7106.55,19.72,7.28,72.64,87.46,1.54,0.4098553850037868,0.2893727866071037,0.3623590491844748,1.4094715672262739,72.05899,0.7813511083080303,0.20321035,0.49228073107967435
Recycled PET (rPET),10187.6,29.54,19.67,73.55,74.01,1.33,0.3614644862408482,0.4007732459218243,0.4043630991655331,1.561245277769676,69.58172,0.7453931700120903,0.23649806,0.49094561392717245
PHA Bioplastic,8823.88,8.21,98.98,44.69,69.01,2.91,0.6014758470083312,0.3363034938869378,0.641405156611661,2.8979442889582354,46.096058,0.4287049873718075,0.55208015,0.4903925708953764
Plywood (Lightweight),9266.82,31.73,69.57,40.77,63.01,3.2235849056603785,0.6181135647563746,0.4758049734096814,0.592200008632993,3.1129349818942758,42.408325,0.37776980206786226,0.6016331,0.48970143698363816
PHA Bioplastic,8628.01,7.32,98.91,64.25,52.09,3.32,0.3778807043675839,0.2783327079720069,0.5303303806835615,2.990226559093971,44.69189,0.40684164777584286,0.57094824,0.4888949454585086
PLA Bioplastic,7473.47,8.2,65.44,60.48,62.98819672131148,2.15,0.4438875894065499,0.2686048378303013,0.4815743577941189,2.3156277883377236,56.62041,0.5666663030901335,0.41066206,0.48866417905284876
Plywood (Lightweight),13221.25,40.73,70.1,50.96,58.61,2.26,0.5148731709164351,0.5775453779136334,0.6068921911536241,2.6917173189017474,50.079967,0.47756388815047235,0.4985475,0.4880556912809704
Recycled PET (rPET),11130.62,3.94,18.82,55.75,70.25,2.62,0.507468000504923,0.3339658389377984,0.477099937805398,2.346809875511675,56.17105,0.559278702414594,0.41670018,0.4879894433799197
PLA Bioplastic,9166.78,1.23,79.55,44.67,52.89,3.17,0.5532925700580661,0.3076507208193609,0.5756293005045254,2.965959284934411,45.349873,0.41259100412824345,0.56210685,0.4873489259456525
Cotton Fiber,5635.78,3.7,90.5,49.13,63.54,2.89,0.5458333299671799,0.236396733167449,0.5474778227379972,2.707492445247267,50.19846,0.4738264752763196,0.49695528,0.48539087540595155
PLA Bioplastic,7629.49,9.64,66.86,67.66,58.84,1.69,0.3679994243877809,0.2610651553909586,0.4513384913223198,2.303259432544401,57.343033,0.569596590376688,0.40095204,0.4852743157629137
PLA Bioplastic,8758.13,8.6,65.02,55.24,65.56,2.36,0.4979044382731633,0.3103139955268535,0.5255437592956066,2.468604374736112,54.471645,0.5304233817387196,0.4395355,0.4849794401788996
Recycled PET (rPET),7494.79,7.26,14.04,63.26,84.17,2.39,0.4828684953294623,0.2572094786878152,0.4108260985304185,1.953214630436396,63.647427,0.6525285378789847,0.31623846,0.484383500401971
PLA Bioplastic,7910.621499999999,8.421694915254237,64.0,54.27,70.76,2.55,0.5220755061853067,0.2944125201623904,0.5244971498459235,2.5518958109311374,53.3284,0.5106901333878828,0.45489758,0.4827938579594291
PLA Bioplastic,7099.04,13.17,72.55,64.25,61.57,1.83,0.4063207043675839,0.2768444654784179,0.4729191962306108,1.9802207676220376,63.482166,0.6461302953173699,0.3184591,0.48229469444403955
PLA Bioplastic,6304.92,3.87,81.97,54.54316666666667,62.89,2.45,0.4960517638643439,0.2373685677440491,0.5189251144678566,2.519718047299838,54.078114,0.5183136278324278,0.4448235,0.48156856566334527
PHA Bioplastic,5260.28,6.491803278688525,82.79,39.32,58.94,3.38,0.618715985862156,0.2677398232721703,0.5541963113012387,2.985168520752018,46.00669,0.40803998858168633,0.553281,0.4806604988894607
Plywood (Lightweight),8608.65,49.59,53.29,49.95,50.67,2.25,0.4999776849280484,0.5305835148981166,0.490004158829899,2.7143627170803613,50.86694,0.47219878356498,0.48797274,0.4800857599618113
PHA Bioplastic,6229.84,2.41,82.26,55.69,46.41,2.12,0.4364781696541278,0.225449027621454,0.4810442447524064,2.49484809985097,54.889706,0.5242057683921326,0.43391794,0.479061854027533
Plywood (Lightweight),12165.88,63.19,73.08,41.46,63.49,3.49,0.61345661954052,0.6948771848429889,0.6423093848608232,3.174411324057147,43.20287,0.3632049442262898,0.59095657,0.47708075647212317
PLA Bioplastic,7295.05,14.32,72.09,52.85,74.68,2.97,0.5463828427164856,0.3155492406409506,0.5444136776237389,2.6110800488726027,53.262337,0.4966683165108231,0.45578527,0.47622679550821917
Plywood (Lightweight),13511.31,31.69,55.2,49.57,61.626296296296296,2.56,0.5362043117619006,0.5407109020918587,0.5928316284731074,2.818693690040908,49.764088,0.44748088825465937,0.502792,0.4751364445126141
PHA Bioplastic,7542.11,9.41,84.88,39.54,57.35,3.47,0.6120020323150719,0.329081267072248,0.5895781020262362,3.2455164595994033,42.27492,0.3463588510050152,0.6034256,0.47489223649570217
Recycled PET (rPET),9644.332592592593,16.566981132075473,18.09,59.66,93.89,1.94,0.5438386442817471,0.3582026578027013,0.485176958203722,2.2237897613710587,60.374348,0.588424393440991,0.36021954,0.47432196582640673
Recycled PET (rPET),9417.69,5.35,7.62,67.37,81.0,1.97,0.4370419086089371,0.2766108182372713,0.4057394649623552,2.173317783707569,61.477795,0.6003821182142732,0.3453923,0.4728872024958848
PHA Bioplastic,7820.32,8.54,84.92,47.18,53.62,3.100983606557377,0.5333038273163342,0.3110602204421731,0.5575590866321218,3.0192536077438707,46.64478,0.3999646147209788,0.5447069,0.47233574788363697
Recycled PET (rPET),10851.26,5.86,11.82,62.2,92.76,2.04,0.5180048169654128,0.3217704981738614,0.4793681410492821,2.1220591239002977,62.55036,0.6125262222220313,0.33097994,0.4717530827487415
Cotton Fiber,4059.78,2.76,92.32,55.45,62.84,2.79,0.4878888462509466,0.1832004779705407,0.5014696449953849,2.6857199903960263,52.71695,0.478984763792091,0.46311373,0.47104924448874264
Plywood (Lightweight),12621.11,17.04,55.04,48.54,56.83,2.66,0.53091665993436,0.4499447740870321,0.5730827747049907,2.949348822700083,48.08114,0.4165263231894336,0.5254062,0.47096625250086
Recycled PET (rPET),9722.94,26.03,8.24,65.32,85.94,1.86,0.4699760212067659,0.3940092104627004,0.4293342529770421,1.9448867424307577,65.84489,0.6545015652364241,0.28671068,0.47060612238376076
Recycled PET (rPET),10626.67,20.01,17.99,57.92,89.92,2.59,0.5473035496086847,0.400444819875226,0.4987841698372217,2.389323537680952,58.116253,0.5492064465835677,0.39056212,0.4698842818416648
Recycled PET (rPET),11319.44,4.47,8.14,67.19,71.25,2.04,0.4093824160565513,0.3116842487801911,0.4173076536948032,2.0057428570411107,65.01781,0.6400836505247458,0.29782432,0.4689539868510417
Plywood (Lightweight),14392.26,78.08,54.43,54.87,50.18,2.03,0.4550338146932592,0.7831090706994801,0.5619203554673892,2.5716443320913167,55.236073,0.506011351385576,0.4292637,0.46763753118061147
Recycled PET (rPET),8150.28,21.83,12.878653846153847,65.16,74.61,1.85,0.4373998056046453,0.3405403589689517,0.3923003872069167,2.001250022457357,65.43691,0.6411480843331969,0.29219276,0.46667042073143306
Recycled PET (rPET),9644.332592592593,12.92,13.37,69.3,83.83,1.93,0.4284781343095177,0.3151820642593124,0.4191006299235024,1.964668963456855,66.09439,0.6498147991260994,0.28335804,0.4665864182989353
Plywood (Lightweight),10922.87,44.488653846153845,60.35510204081632,44.85,55.61,2.73,0.5598620626104519,0.5649385886762243,0.5690533400417004,3.08203675266635,46.423187,0.38509015165972293,0.54768443,0.46638729136788637
PHA Bioplastic,7652.93,1.57,80.99,43.3,70.0,3.68,0.6167280989649079,0.281704825441445,0.5945607399093186,3.2411448079098073,43.62786,0.3473945743930975,0.58524585,0.46632021104756194
PHA Bioplastic,6081.16,9.65,91.93,51.17,49.07,2.7,0.4843975788942186,0.2708914627307596,0.520548190397898,2.780341400552329,51.79562,0.45656723959970325,0.47549385,0.46603054396176263
Plywood (Lightweight),11414.03,14.46,60.35510204081632,64.65,72.45,3.27,0.4354262433728855,0.3712211736674577,0.5353312337174646,2.931868573474962,49.128338,0.4206677105270965,0.5113348,0.4660012437027267
PHA Bioplastic,8333.7,10.42,99.5,42.36,45.19,3.34,0.5506040823024488,0.3434224522136326,0.5960659943387436,3.291743299612839,42.793606,0.3354068761546404,0.59645593,0.4659314039090768
Plywood (Lightweight),13755.22,44.488653846153845,50.47,45.89,56.97,2.86,0.5547524640242362,0.6205866397653901,0.591748203407116,3.032800222949291,47.398056,0.3967551764596927,0.53458494,0.4656700579697603
PHA Bioplastic,6685.19,5.34,82.78,47.17,53.32,2.98,0.5324921888412018,0.2713375059532887,0.5351963541606402,3.0030485768988058,47.96282,0.40380387974997745,0.5269961,0.4653999779285013
PLA Bioplastic,6458.83,1.86,77.98,50.73,68.8,3.03,0.5474754859883867,0.2398648066024753,0.5395714376181938,2.876894563087439,50.222805,0.433692048314698,0.4966281,0.4651600769775547
PHA Bioplastic,5394.59,6.491803278688525,98.67,47.73,52.38,3.09,0.5247239434486242,0.2492711469082623,0.5430957694116129,2.9968684400988472,48.539925,0.4052680659843242,0.5192414,0.46225472929839073
PHA Bioplastic,8911.57,9.04,83.61,43.92,48.22,3.25,0.5459096844231254,0.3443036579745587,0.5733203567160837,3.2474293505435536,44.15472,0.3459056525275559,0.57816637,0.462036009075515
PHA Bioplastic,7560.74,9.85,81.71,48.24,58.27433333333333,3.100983606557377,0.5379005056803837,0.3097545143858602,0.5524210358774819,3.0679931231248196,47.49988,0.3884173416104554,0.5332167,0.4608170282347321
PHA Bioplastic,6507.48,4.36,85.15,39.03,55.92,3.68,0.6122184700833122,0.2832111193533763,0.5732249273567617,3.4161738861577975,41.637527,0.30592701869387307,0.61199045,0.4589587352533086
PLA Bioplastic,7424.73,8.421694915254237,69.51,53.38,61.12,3.07,0.5010196818985104,0.286662544517186,0.5121219839708763,2.690299509858623,54.577557,0.4778997927673231,0.43811238,0.4580060854438727
PHA Bioplastic,8484.09,11.0,93.14,44.8,56.46,3.27,0.5628538702347892,0.3433278737786544,0.5989525240547338,3.246498194155962,44.819057,0.34612626032457827,0.5692395,0.45768287875466585
PLA Bioplastic,9363.66,5.98,69.5,59.13,63.65,2.17,0.4578018050997222,0.299529474781497,0.5253062696993321,2.5210841926188965,57.684772,0.5179899632866372,0.39635998,0.45717497169649546
PHA Bioplastic,5408.11,10.73,92.67,36.78,61.83,3.6,0.6498298131784902,0.2989059191733023,0.5916579797052723,3.5018511503501126,40.50846,0.28562852452013254,0.627162,0.45639525209771276
PHA Bioplastic,7443.93,7.25,86.6,55.32,66.64,2.35,0.5004375460742236,0.2761572827754914,0.5503292638183395,2.7228327339990437,54.371235,0.4701920832962898,0.44088477,0.45553842612957496
PHA Bioplastic,5715.73,7.41,96.36,51.38,50.54,2.97,0.4869519868720019,0.251367413157496,0.5259238404655017,2.9033845478981584,51.255444,0.4274160915902173,0.48275232,0.45508420737042604
PLA Bioplastic,7355.2,8.421694915254237,76.79,53.01,69.14,3.3,0.5283490583186063,0.2861661201992627,0.5430662800308836,2.860918663164685,52.171158,0.4374770280821936,0.47044766,0.4539623437873431
PLA Bioplastic,8339.35,2.92,84.18,45.18,65.68,2.27,0.5871561322898258,0.2979971516357647,0.5957803154337811,2.65322309660773,55.93661,0.48668386594532675,0.4198504,0.45326713748812053
Plywood (Lightweight),11024.2,61.81,62.88,53.43,58.74,2.51,0.4934378742741732,0.6340985914520874,0.5494404980763228,2.776565302399455,54.04087,0.4574618655786974,0.44532394,0.45139290483524713
PLA Bioplastic,7503.58,11.41,61.53,67.77,56.34,1.81,0.3595274476142388,0.2672645591530923,0.4333073072808136,2.058228336654291,66.75926,0.6276488907062867,0.27442402,0.4510364535909821
PHA Bioplastic,7123.5371875,1.61,91.46,42.83,60.1,3.43,0.5911810906336784,0.2722044199841376,0.5893347334432147,3.410513488929571,42.96277,0.30726806921925287,0.59418285,0.4507254590748059
PLA Bioplastic,8040.81,9.67,65.5,51.84,51.05,3.0,0.4844173567280989,0.3096208788903997,0.4992915791887018,2.9593219287129693,50.976765,0.4141635139166928,0.48649698,0.45033024943767075
Recycled PET (rPET),7500.01,3.01,17.32,70.88,80.48,2.08,0.4044670133804595,0.2163067693381886,0.3812375214988867,1.8918879711073568,69.81164,0.6670579331487875,0.23340857,0.45023325171919965
Recycled PET (rPET),8587.42,7.6,10.56,67.65,81.71,2.14,0.4366977859126482,0.2703483319176535,0.3991739266878753,2.0818225510235795,66.47293,0.6220589943968764,0.2782715,0.4501652453464027
Cotton Fiber,4554.66,4.14,84.79,59.0,62.51,2.75,0.4555305049229992,0.1914895820543229,0.4799258472897767,2.59315563750624,57.55173,0.5009149338966346,0.3981477,0.4495313180568683
Recycled PET (rPET),7212.19,16.22,11.76,70.79,73.31,1.78,0.3837522671042664,0.2782864667297625,0.3516648253388927,2.4506472839942957,60.17468,0.5346777414598927,0.36290258,0.4487901615758173
PHA Bioplastic,6703.11,3.61,83.85,53.49,57.04,2.73,0.4878077051249683,0.2468879259181577,0.521121879333018,2.9661128828797096,51.16383,0.41255461399572535,0.4839834,0.4482690057397755
PHA Bioplastic,7806.35,5.94,99.01,58.03,53.22,2.28,0.4362315728351426,0.2700610524728844,0.5436664423571808,2.619020422946047,57.32284,0.49478709821578815,0.40122336,0.44800522985397256
PLA Bioplastic,8053.78,1.19,68.96,53.47,58.57,3.41,0.4925744281747033,0.2623299823136557,0.5152866525188088,2.666598014320385,56.557056,0.48351510592685576,0.4115134,0.4475142470418733
PHA Bioplastic,7602.56,3.62,86.98,62.73,66.91,2.16,0.4357716561474375,0.2421172771838438,0.5260167823103197,2.461806512018772,60.20858,0.5320339184203307,0.36244702,0.44724047090602714
PHA Bioplastic,8069.33,4.56,93.89,38.24,58.27433333333333,3.48,0.6262620305478414,0.3183641435094009,0.6225250030768437,3.1872502151646445,47.67044,0.3601631786097098,0.5309248,0.44554398783390764
Plywood (Lightweight),10019.41,69.49,60.35510204081632,52.05,63.95,2.71,0.5212617647058824,0.6562539601643259,0.5445264475994114,2.8804591396854757,53.165638,0.4328475356194199,0.4570846,0.44496606588824694
PLA Bioplastic,8993.16,8.73,79.73,68.32,70.63,1.72,0.3975375637465287,0.2827935953739793,0.5192298960005838,2.1463001217738658,66.165436,0.6067830911972383,0.2824034,0.44459325033914343
Plywood (Lightweight),11784.43,32.04,61.36,64.41,61.85,2.46,0.4057469199697046,0.4695092815916701,0.522767647930974,3.064775127404043,50.004612,0.3891797430247056,0.49956006,0.4443699005708092
Plywood (Lightweight),9523.58,62.03,74.07,57.87,69.9,2.51,0.487685357233022,0.5931421269866607,0.5541955400142378,2.661768242762112,57.36547,0.4846593662012739,0.4006505,0.4426549337262473
Recycled PET (rPET),8143.62,3.59,15.78,60.17,78.53,2.72,0.4932522065135066,0.2595585399358017,0.4247434440667166,2.4607666530515018,61.04407,0.5322802798253969,0.3512203,0.4417502947798707
PHA Bioplastic,5107.49,1.96,89.13416666666666,46.2,55.51,3.45,0.5476332567533451,0.2240107177495189,0.5316269286394435,3.2336833764998802,47.447304,0.34916232250492096,0.53392315,0.44154273580690384
PLA Bioplastic,6578.72,5.12,72.68790322580645,69.5,59.94,1.83,0.3550409038121686,0.2116452569806048,0.4420250440562354,2.068024247300379,68.04804,0.6253280622222004,0.25710636,0.44121721299777317
Plywood (Lightweight),11664.45,57.32,60.35510204081632,50.09,53.88,2.75,0.508370623579904,0.6327014591858158,0.5571929895165194,3.0357636129216803,50.991074,0.3960530957541972,0.48630476,0.44117892786672264
PLA Bioplastic,9426.74,8.37,66.84,68.4,53.64,2.38,0.3458606715475889,0.2896679737840852,0.4658290104015509,2.8727084443282984,53.97951,0.43468381559443126,0.4461484,0.44041610556638067
Recycled PET (rPET),10378.05,20.92,19.27,69.99,78.38,2.47,0.4060311890936632,0.3695194168348751,0.4287224454703245,2.207755696517423,66.17089,0.5922231535330772,0.2823301,0.437276624650526
Plywood (Lightweight),12931.68,15.35,68.52,63.65,61.49,3.5,0.4113823958596314,0.4095298184776355,0.5569643873748162,3.1011095666693094,50.582157,0.3805714569095393,0.4917994,0.43618543553370337
PHA Bioplastic,5111.21,2.71,90.99,61.41,64.85,2.86,0.4412553774299419,0.1895300732100062,0.496480993825505,3.282001177583804,47.41037,0.337714961142069,0.5344195,0.4360672190640002
PHA Bioplastic,7291.76,3.38,91.41,50.20177419354839,58.27433333333333,3.100983606557377,0.5205659697616274,0.2661222197738,0.5602627538595836,3.112769083256921,50.460617,0.37780910645690324,0.49343258,0.4356208439408082
PLA Bioplastic,6658.24,5.69,75.91,69.72,56.67,2.29,0.3432869502650846,0.2156459928853235,0.4423302630023406,2.1760300026151675,66.98354,0.5997395444788396,0.2714103,0.4355749154526919
Recycled PET (rPET),9309.33,27.48,10.59,70.38,86.47,1.9603636363636363,0.4268550896238323,0.3801531963626893,0.4095552951682744,2.020995934362469,69.783226,0.6364699205106288,0.23379034,0.4351301292750135
PHA Bioplastic,7092.53,9.35,82.27,56.6,48.22,2.94,0.433867270891189,0.2764541593015658,0.4945501067854079,2.83325792157735,55.542,0.44403035827130355,0.4251529,0.4345916280530407
PLA Bioplastic,7699.57,11.44,60.0,62.1,53.26,2.44,0.4003884322140872,0.2857651739830647,0.4485800575745691,2.4390191737190428,62.605644,0.5374326511888496,0.33023715,0.4338349006905552
PHA Bioplastic,8310.96,11.85,84.81,50.75,58.27433333333333,3.89,0.5157217629386518,0.3290988922279745,0.5606991328094496,3.283359987562674,47.72729,0.33739303447109814,0.5301609,0.4337769692008811
Plywood (Lightweight),13765.28,66.6,60.35510204081632,61.94,58.87,2.25,0.4186322166119666,0.6935488855510138,0.5547153058066561,2.5274234090542462,61.059162,0.516488088208201,0.35101753,0.4337528114705098
Plywood (Lightweight),11476.95,59.55,71.49,54.88,62.52,2.9,0.4919654531683918,0.6281750503081308,0.5757346879084628,2.953302358526688,53.572235,0.415589659014888,0.45162106,0.43360535730895766
PHA Bioplastic,8562.24,6.491803278688525,86.66,48.13,61.62,3.35,0.5489094824539257,0.3134335181827344,0.5848937122723972,3.2393124763435845,48.570816,0.3478286868962447,0.51882625,0.4333274665789207
PLA Bioplastic,8230.14,7.73,82.11,45.35,66.02,3.01,0.586673986367079,0.3199624399890792,0.5899867891898661,2.625317787123499,59.517807,0.49329513869454333,0.37172908,0.4325121073016021
Recycled PET (rPET),10356.12,16.566981132075473,12.878653846153847,61.1,88.89,2.3,0.5161145847008332,0.36921174792634,0.4702730217059646,2.3029178757040443,65.26514,0.569677511372466,0.29450095,0.4320892291855311
Plywood (Lightweight),11367.03,10.96,62.61,45.4,57.27,3.62,0.5599821787427417,0.4009226918433679,0.5816590094156027,3.3901181511330862,46.17747,0.31210009378651893,0.5509862,0.43154313227762836
Recycled PET (rPET),8889.77,20.76,10.5,62.82,79.85,1.23,0.4737964024236303,0.3561808981657742,0.4182901124622238,2.178186595527063,67.5867,0.599228608595558,0.26330554,0.43126707672438425
PLA Bioplastic,8015.48,4.06,74.79,54.54316666666667,52.07,2.94,0.463591763864344,0.2735355223822122,0.5093044965599415,2.9219928878675305,54.482647,0.4230074391430123,0.43938768,0.43119755912152447
PHA Bioplastic,5692.41,11.69,86.37,63.22,49.2,2.16,0.378311941428932,0.2429224081703991,0.4580448312252366,2.5027548208319654,61.944397,0.5223325231236343,0.33912247,0.43072749865860366
PHA Bioplastic,8663.12,11.34,85.34,38.12,69.66,2.5,0.661479368846251,0.3656175241888053,0.6377945516375716,3.0183400778575464,53.223248,0.40018104648090835,0.4563105,0.42824577855814216
Plywood (Lightweight),8328.91,36.57,55.62,48.41,71.39,3.33,0.575745359757637,0.4620151444697163,0.5376245577281328,3.231797459633973,49.59751,0.3496091303351623,0.50503033,0.4273197321654907
Recycled PET (rPET),8193.47,25.94,12.7,70.76,75.98,2.36,0.3920273516788689,0.3483464473651966,0.3741423734547784,2.2138985008779266,67.59349,0.5907678120291489,0.2632143,0.4269910510856041
PLA Bioplastic,9282.86,12.98,81.46,65.68,65.17,2.16,0.4044850063115374,0.317191497938836,0.5262414650702336,2.39149993556698,64.67188,0.5486908185435533,0.3024726,0.4255817049718499
Plywood (Lightweight),14799.66,77.6,61.45,59.75,63.92,2.5,0.4531333905579399,0.7767119075588784,0.5912621155279878,2.6970473989081007,59.37643,0.4763010957518766,0.3736288,0.4249649454494094
PHA Bioplastic,7082.8,5.98,90.36,58.3,61.38,2.95,0.4583258116637212,0.254697781496503,0.5304800151075199,3.328195223642037,48.543293,0.3267707557730716,0.51919615,0.42298345423007216
PHA Bioplastic,7615.14,3.49,94.24,53.13,62.18,3.51,0.5064087200201969,0.2659464223774176,0.5676413464716996,2.9446455763985218,55.312794,0.4176406073411265,0.4282328,0.42293669819036916
PHA Bioplastic,8205.98,8.63,98.42,56.36,67.86,2.88,0.494907947488008,0.2962800092568332,0.5842558875198385,2.8873264506532235,56.358974,0.43122054539065635,0.41417503,0.42269778947999614
PHA Bioplastic,8159.28,7.63,84.58,37.51,64.56,3.73,0.6515694218631658,0.3377852307768363,0.6206082797538747,2.894280555565489,56.283363,0.42957299210594424,0.41519105,0.42238202322506074
Plywood (Lightweight),9575.77,29.98,60.48,60.44,73.8,2.82,0.4766764453420853,0.4235370659840242,0.5258585482609122,3.063562735944576,53.356003,0.38946698049906103,0.45452666,0.42199682166279956
PHA Bioplastic,8393.57,1.02,85.3,50.20177419354839,55.67,3.38,0.5127529697616273,0.276701037801875,0.5598223668623101,3.2639699447111084,50.081116,0.3419868864756115,0.49853206,0.4202594716420416
PLA Bioplastic,9125.59,1.24,62.29,46.77,50.32,1.7,0.5270266498359,0.3015528029519773,0.5273431575386078,3.1366138140038653,52.355354,0.3721598582846597,0.46797258,0.42006621745142714
Recycled PET (rPET),8991.55,13.23,9.72,68.27,80.82109090909093,2.35,0.4285526440981387,0.305939980171079,0.3996023888517832,2.2540406564282836,67.92906,0.5812574090273523,0.25870514,0.4199812740937543
Plywood (Lightweight),8010.59,44.68,52.14,47.97,71.41,3.56,0.5796932668518051,0.4981238914341829,0.5274512281087033,3.358787368558073,48.595127,0.3195229230931378,0.5184996,0.41901126795068266
PLA Bioplastic,7832.55,5.3,69.61,58.58,65.59,3.28,0.4684816889674325,0.2659328726571278,0.5078631689765192,2.8742962664318275,57.213634,0.4343076318072706,0.40269077,0.41849920002457647
Recycled PET (rPET),9476.95,16.566981132075473,11.34,70.24,72.49,2.65,0.3861521509719767,0.328048449572153,0.3862136156828717,2.266640077339857,68.046394,0.5782723782332784,0.25712854,0.4177004574672404
PLA Bioplastic,7910.621499999999,11.55,73.17,61.44,73.63,3.25,0.4673302928553395,0.2923371837376254,0.5214451117774893,2.827829848132207,58.192745,0.44531636708869005,0.38953424,0.4174253010446502
Recycled PET (rPET),9644.332592592593,11.9,13.65,55.77,92.95,1.25,0.575391277455188,0.3441146953220097,0.4891383079499929,2.1770915146178154,69.78124,0.5994880530778917,0.23381698,0.4166525171967522
Recycled PET (rPET),9797.69,18.85,15.5,51.41,92.1,1.4,0.6113669022973997,0.3938817479464241,0.5100197817903097,2.298403100115649,68.076584,0.5707471434019281,0.25672287,0.4137350054453946
PHA Bioplastic,5104.74,3.71,83.04,56.29,65.71,2.95,0.4890764781620803,0.2074459370160077,0.501572690890524,2.9662792288576627,56.435204,0.4125152036236023,0.41315073,0.41283296568623656
PLA Bioplastic,9766.92,7.58,78.0,63.0,68.19,2.74,0.437225894976016,0.3062527328430974,0.5429721978280694,2.6342320301820363,62.720528,0.49118319321527515,0.3286934,0.40993829155392664
PLA Bioplastic,8559.51,14.47,80.98,68.27,74.77,2.4,0.4103993713708659,0.3034035137220301,0.5235104575736225,2.3625057227835713,67.66198,0.5555600721874971,0.262294,0.4089270333071122
Plywood (Lightweight),12802.7,62.11,53.44,58.78,61.9,2.7,0.4556444584700833,0.6587201991621876,0.5440432313822098,2.883812775761025,58.821186,0.4320529985507807,0.38108975,0.4065713727514188
PLA Bioplastic,9410.33,13.6,60.61,64.17,64.8,2.32,0.4167175965665236,0.3268025035560862,0.4914407531226711,2.761367702753638,61.10669,0.4610624519276384,0.35037893,0.40572069124816673
PLA Bioplastic,8987.89,13.22,64.28,60.42,69.86,3.01,0.4650331683918202,0.3256316764037005,0.516591236310018,2.7987555531549417,60.49693,0.4522045936534054,0.35857242,0.40538850855575237
PHA Bioplastic,7428.11,8.58,96.32,49.41,68.43,3.53,0.5580292072708912,0.2975657963880916,0.5955072691041843,3.3457380112833,50.873444,0.3226145519530238,0.48788536,0.4052499539512128
Recycled PET (rPET),10736.22,10.92,16.53,69.02,91.0,2.61,0.4524622570058066,0.3281078862722443,0.4576765514675355,2.4212500961225194,67.70895,0.5416424671939004,0.2616629,0.40165268382087294
Recycled PET (rPET),10586.89,26.8,14.5,70.11,87.42,2.57,0.4320908507952537,0.4036361530323996,0.4400200635979429,2.357862800307217,69.03448,0.5566600645334696,0.24385142,0.4002557438985097
Plywood (Lightweight),10006.4,25.27,60.93,51.08,69.77,3.8,0.5472928326180257,0.431898279674395,0.5607900706627971,3.169911593021396,54.826775,0.364271011929007,0.43476355,0.3995172813436844
Recycled PET (rPET),9692.23,21.07,9.0,59.58,87.95,1.43,0.5267255364806867,0.382458827374557,0.4561389841100376,2.1410974752711467,73.01407,0.6080156922929785,0.19037676,0.39919622543420896
PHA Bioplastic,7589.96,5.13,89.13416666666666,58.5,54.86,3.04,0.4369985811663721,0.2602728180328179,0.5220541149380815,3.004150754073404,57.91052,0.403542754033979,0.39332658,0.3984346672792118
PHA Bioplastic,6467.1,2.3,89.13416666666666,50.20177419354839,45.74,3.9,0.4829629697616274,0.2436226213101546,0.5179122994955357,3.4127926788375476,50.73547,0.3067280878892694,0.48973936,0.3982337231572049
PHA Bioplastic,8798.09,7.55,83.47,61.72,63.02,2.78,0.4330261701590507,0.2893975414713386,0.5334817483410347,2.9655381671768506,58.67509,0.4126907745449214,0.3830529,0.3978718300386503
PHA Bioplastic,8876.09,3.89,97.22,58.98,53.47,2.15,0.4285872279727341,0.2791697828444188,0.5534917964997055,3.1850965695261397,54.826496,0.36067341623059557,0.4347673,0.3977203610407891
PHA Bioplastic,6063.02,10.51,91.51,57.73,55.49,3.12,0.4456924185811663,0.2583625080530596,0.507425140312047,3.121086287684782,56.078384,0.3758386102323531,0.41794538,0.3968919976058006
PHA Bioplastic,8693.78,5.23,99.23,55.83,50.85,3.41,0.4485611083059833,0.2902361714829413,0.5613918522029367,3.1795785220819566,55.25093,0.3619807415163886,0.4290641,0.3955224182683414
PLA Bioplastic,8672.33,1.09,65.99,66.22,57.67,2.471724137931034,0.3772134839686947,0.2423550863008942,0.4688015297241107,2.62289351378454,65.23263,0.4938694929145375,0.29493773,0.3944036113750239
Plywood (Lightweight),11680.39,68.77,60.04,63.07,55.49,2.39,0.3985073643019439,0.6589176979427581,0.5108738033626483,2.8385087532115842,61.715492,0.4427863412460219,0.3421983,0.3924923267642921
Plywood (Lightweight),14247.88,44.88,62.49,60.13,65.0,3.2235849056603785,0.4530156526129765,0.596777109536984,0.585551005371972,3.071506629535144,58.359512,0.38758492836673564,0.38729334,0.3874391335711852
PHA Bioplastic,6458.12,7.95,99.25,52.64,58.36,3.65,0.4992784347387023,0.26622695469047,0.5540343053633452,3.399753454279321,52.658447,0.3098173161252592,0.46389985,0.38685858348529806
PHA Bioplastic,6657.76,6.99,84.01,53.85,62.48,3.74,0.5009466902297399,0.2623615932713622,0.5302591558587014,3.467590530319462,51.819416,0.29374548533391254,0.47517413,0.3844598071715797
Plywood (Lightweight),8413.23,37.56,50.27,59.77,56.36,2.78,0.4302766675082049,0.4401420653552503,0.4551344546796838,3.09096030865919,58.824368,0.3829759997778056,0.381047,0.38201150509977927
PLA Bioplastic,9464.3,4.8,81.79,60.65,69.46,3.36,0.4618008533198686,0.2917175767119253,0.5573301643014323,2.9405197672805605,61.498875,0.41861808617559215,0.34510905,0.3818635658405579
Plywood (Lightweight),10765.35,18.82,57.34,55.03,59.27,3.14,0.4808900302953799,0.4044978912336122,0.5293549752987255,3.400097071342669,53.92083,0.3097359070253759,0.44693696,0.3783364360070422
PHA Bioplastic,5154.86,11.09,93.45,57.23,61.63,3.37,0.4685304948245393,0.2439113604524251,0.5114692993285637,3.371955262371967,54.433964,0.3164032107822755,0.44004184,0.378222525429361
Plywood (Lightweight),11703.21,73.46,64.07,53.14,51.96,3.71,0.4756603584953294,0.708483269983884,0.5498389488329325,3.435259353791256,53.342163,0.3014053260696632,0.45471263,0.37805897769395025
PHA Bioplastic,5540.78,3.33,90.79,44.12,64.32,2.36,0.5924424539257762,0.2451950029191932,0.5671250234551077,3.359631036483102,54.694496,0.3193230428959557,0.43654102,0.3779320318830822
Plywood (Lightweight),10011.23,74.23,57.13,58.57,63.82,3.16,0.4632600504922999,0.6639079594076129,0.5129921824169962,3.194307359446504,57.912014,0.3584912134338958,0.3933065,0.37589885359652553
Plywood (Lightweight),9891.19,69.05,62.4,62.34,57.74,2.92,0.4117077556172683,0.6253835352943713,0.4952547861321428,2.99655856403994,61.4676,0.40534148122972924,0.34552926,0.3754353697404597
PHA Bioplastic,8074.5,8.81,80.82,63.01,58.27433333333333,3.06,0.4073905334511487,0.2777083402263668,0.502633924120484,3.1210712646664645,59.36646,0.37584216945722637,0.3737628,0.3748024779228118
Plywood (Lightweight),13814.9,48.49,58.67,50.17,51.09,4.28,0.4992937313809643,0.6315078620401936,0.5811191411722485,3.6292921157996254,50.48555,0.25543545382559896,0.49309754,0.3742664987710148
Plywood (Lightweight),9221.91,39.27,54.04,49.54,59.87,4.23,0.5312005074476142,0.4913671567515536,0.5209215004925734,3.3869206403338965,54.777603,0.3128576419521809,0.43542427,0.37414095509893897
Plywood (Lightweight),13079.55,44.488653846153845,65.01,49.81,63.03,4.18,0.5382947462761928,0.5967887040463502,0.6077094067545178,3.7238052857195374,49.07719,0.23304357370376438,0.512022,0.3725327960681908
Plywood (Lightweight),11891.09,60.97,51.9,61.05,56.15,2.99,0.4183363923251704,0.628393411238131,0.5067967146280301,3.0977699599516275,60.359245,0.3813626701694456,0.3604225,0.37089258109836415
PHA Bioplastic,8546.34,9.9,89.13416666666666,62.43,66.0,3.43,0.4356925018934612,0.2944644163738447,0.5442091544351365,3.1598768707667646,59.71984,0.3666484192043318,0.36901432,0.36783137098102636
PHA Bioplastic,5366.97,1.83,89.13416666666666,62.27,53.85,3.100983606557377,0.4006562862913405,0.1881127934567824,0.471455050882951,3.1409208483085775,60.10872,0.3711394439242751,0.3637889,0.36746417334191356
Plywood (Lightweight),11183.72,32.46,53.35,46.92,69.85,4.36,0.5842912269628882,0.5034572426628391,0.5796938850334328,3.839594016671193,47.80915,0.2056111282030384,0.52906096,0.3673360440095087
Plywood (Lightweight),10309.65,70.64,60.09,54.9,55.37,3.81,0.4703387301186568,0.6609216889871057,0.5205215466317475,3.4448392509335792,55.25809,0.29913567509327355,0.42896783,0.36405175430612774
PHA Bioplastic,8883.27,10.65,80.61,52.2,57.82,3.98,0.5015463418328705,0.3310655436150505,0.5547213414372205,3.5092368897131827,54.551678,0.28387870922381864,0.4384601,0.3611694104209303
Plywood (Lightweight),8857.93,40.04,66.18,53.78,50.16,3.95,0.464605220903812,0.4771188234621877,0.504135208150383,3.572980495257556,53.79781,0.26877669566218887,0.44858998,0.35868333813222664
Plywood (Lightweight),8994.69,19.94,60.04,53.083703703703705,55.42,3.97,0.4865378011538425,0.3787191348752086,0.5071088124951213,3.616342261873923,53.273598,0.2585035085416276,0.45563394,0.35706872342707907
Plywood (Lightweight),10822.36,57.92,51.49,48.94,53.92,4.32,0.5186521989396617,0.6213531150984462,0.5308841552330792,3.845386449078765,49.373577,0.20423879615456209,0.5080394,0.356139105518611
Plywood (Lightweight),10403.37,17.68,51.96,58.23,68.57,4.45,0.4805143423377934,0.3831314700973868,0.5194793573725276,3.71020568889749,51.81765,0.23626556426870482,0.47519785,0.3557317079632861
Plywood (Lightweight),12678.77,58.82,59.33,57.47,63.03,3.84,0.4706098182277202,0.6426231622078291,0.5611447413172577,3.478069216026139,57.34489,0.291262895083505,0.40092707,0.34609498094324176
PHA Bioplastic,8343.79,6.491803278688525,80.69,61.36,57.43,3.75,0.4194371850542792,0.2755384034735911,0.5110887354773058,3.392151167522803,58.945755,0.3116184354173961,0.37941587,0.34551715256511284
Plywood (Lightweight),12348.21,40.74,58.03,59.74,50.13,3.69,0.4118517520828074,0.5374682909947104,0.5190447808416555,3.4759749494538155,57.899982,0.29175906472917834,0.39346814,0.34261360314248224
Plywood (Lightweight),8927.74,15.62,58.92,56.88,61.97,4.46,0.4726431481949001,0.3456263506312271,0.5025569783347149,3.638488843729017,55.521816,0.2532565825690052,0.4254241,0.3393403407687555
Aluminum Packaging,17319.76,35.91,1.31,64.31,93.31,2.78,0.5010105352183791,0.6034731654775858,0.551248286734999,3.1299528870656452,65.10006,0.37373795240241403,0.29671907,0.3352285133258408
Plywood (Lightweight),11097.72,15.41,54.9,52.43,60.36,4.48,0.5071340267609189,0.4004309117842278,0.5416243127643118,3.922495341516173,51.565804,0.18597030428989414,0.47858196,0.3322761346297646
PLA Bioplastic,9896.1,10.77,75.94,69.56,55.75,3.23,0.3419407346629638,0.3086912611198334,0.4911187914274977,3.0149831032704966,67.696785,0.4009763745033307,0.26182634,0.33140135544357513
Aluminum Packaging,15631.39,27.254200000000004,3.22,63.68,94.95,2.61,0.511497311285029,0.5259833852061886,0.5346854670231405,3.1044017214041686,66.85925,0.3797914858829833,0.2730804,0.32643594722806696
Aluminum Packaging,17487.8,13.95,2.620204081632653,61.37,85.17,3.32,0.5025688235294117,0.5018528408417344,0.5513181131111908,3.4728540710803615,61.22403,0.29249845728655866,0.3488022,0.32065033309350516
Plywood (Lightweight),9875.07,13.02,60.35510204081632,57.55,63.68,4.2,0.4718529260287806,0.3501058488014213,0.5209311018080179,3.6878932511010207,57.621925,0.241551784514918,0.39720446,0.31937812161422474
Aluminum Packaging,17895.31,41.55,2.620204081632653,61.45,98.81,3.08,0.542781931330472,0.6514285518735949,0.5845833375181002,3.4442602833806966,63.37805,0.2992728429826753,0.31985813,0.30956548838777626
PHA Bioplastic,6685.3,8.64,96.66,61.63,69.12,3.9,0.4521214238828578,0.2517395739872116,0.5398297219000522,3.6595459435987414,59.78103,0.24826777459233995,0.36819214,0.3082299554400146
Aluminum Packaging,11878.75,22.12,0.19,66.19,98.92,2.69,0.5012285685432971,0.416136363811566,0.4691476304798981,3.1864339089316656,68.2195,0.3603565763269492,0.25480253,0.30757955068521836
Aluminum Packaging,14279.41,44.38,3.91,64.9,91.6,3.51,0.4906672052511991,0.5828219286313319,0.503884898181446,3.366428373910632,65.34497,0.31771263066500544,0.29342818,0.3055704066334671
Aluminum Packaging,15796.36,15.34,1.18,69.83,99.61,2.78,0.4711349734915425,0.4528152864632508,0.5191770088454711,3.159060127433794,70.36141,0.3668419204784684,0.22602111,0.2964315157449868
Plywood (Lightweight),9920.25,45.9,58.52,63.55,69.86,4.09,0.4373760111083059,0.5043303291606878,0.5075924816294343,3.6648340702652393,62.186935,0.24701492169908035,0.3358634,0.29143916656281227
PHA Bioplastic,5494.66,1.67,92.91,63.39,65.61,3.94,0.4260397955061853,0.1870926863431396,0.5002640306968396,3.6521589578454416,63.161236,0.25001788518105217,0.3227715,0.28639468740063045
Aluminum Packaging,17359.14,44.09,1.79,72.36,93.15652173913044,3.99,0.429419072917467,0.6258659688430208,0.5220253235818904,3.620336762017746,64.568634,0.2575571391791046,0.30386,0.28070857394784393
Aluminum Packaging,15008.15,15.06,4.11,75.14,94.43,2.82,0.4086750037869224,0.4217582766732977,0.482412245051127,3.133949273845546,74.1726,0.3727911360616665,0.17480934,0.2738002363619795
Aluminum Packaging,14906.820204081634,25.7,3.03,74.19836734693877,90.27,2.84,0.4045154134958705,0.47655894254359,0.4739321632340162,3.1702224803432766,74.437904,0.3641973570971052,0.17124438,0.2677208699776908
Aluminum Packaging,14906.820204081634,15.78,4.93,63.22,92.34,4.37,0.5077319414289321,0.4534554212504601,0.523450574094106,3.3463991748976074,72.11685,0.32245791032937454,0.20243287,0.26244539059712135
Aluminum Packaging,14316.82,43.12,0.18,68.28,88.86,4.57,0.4525810098459984,0.5686034968980641,0.4787141488541449,3.4287946832116467,72.34007,0.3029369235049034,0.19943339,0.2511851549153698
Aluminum Packaging,11659.01,13.54,3.19,78.19,93.15652173913044,2.93,0.3779043039197391,0.3373650666533669,0.414793461916177,3.1522604462591293,77.69377,0.3684528879855238,0.12749451,0.24797370098700933
Aluminum Packaging,16884.65,27.19,1.94,67.64,93.15652173913044,3.93,0.471125712654907,0.541441977791441,0.5328781993825439,3.6936904725793345,68.28483,0.24017831784892718,0.25392467,0.2470514928420814
Aluminum Packaging,16506.39,42.85,3.84,65.66,97.53,4.56,0.5017417293612725,0.618883686317698,0.5470906177943664,3.909285104635993,64.755806,0.18910004843933592,0.30134493,0.2452224897824884
Aluminum Packaging,18231.51,13.43,3.51,70.92,90.66,3.44,0.4346535672809896,0.4903801542782003,0.5393905456412688,3.5587763753326787,71.034386,0.27214190868872823,0.21697819,0.24456005050906748
Aluminum Packaging,14058.05,31.05,3.28,81.6,93.15652173913044,2.85,0.3477730239399361,0.46781759421314,0.4390792013118874,3.154048385628927,78.862495,0.36802929279696395,0.11179012,0.239909706699309
Aluminum Packaging,10178.47,6.15,3.53,66.12,85.94,3.78,0.4629070992173693,0.2995174722091466,0.4239035035997086,3.8833970173272836,66.2217,0.19523340475456075,0.28164732,0.23844036465831675
Aluminum Packaging,13076.87,21.94,4.04,74.72,88.46,3.26,0.3944761878313556,0.4183297606326709,0.4421215313453693,3.379440177546677,75.91171,0.31462989894164817,0.15144044,0.23303517027503856
Aluminum Packaging,16852.2,14.92,0.12,85.42,93.15652173913044,2.55,0.3140189214405672,0.4330280801988549,0.4614019817223855,2.8830725946588287,84.767456,0.43222836084709215,0.03244382,0.23233609113864923
Aluminum Packaging,12935.16,15.66,2.82,64.62,86.81,4.41,0.4787713279474879,0.4087406552888229,0.4724400723388019,3.9296122326200735,66.562485,0.18428418401085023,0.27706814,0.2306761610667044
Aluminum Packaging,18256.61,21.48,3.62,63.81,95.19,3.96,0.511068611461752,0.5500863362139278,0.5759831182530931,3.688281092888669,71.94906,0.241459897777624,0.20468754,0.22307371677020543
Aluminum Packaging,11746.76,33.97,0.77,76.5,93.05,3.5,0.3925178364049482,0.4480989470617572,0.4174890344546335,3.48509950112256,75.67506,0.2895972933347246,0.15462047,0.2221088809756051
Aluminum Packaging,13852.62,47.19,3.49,87.86,88.31,2.55,0.2779191441555163,0.5304713497905794,0.4029305499461141,3.422840763971397,77.263115,0.30434751470606325,0.13328135,0.21881443242093324
Aluminum Packaging,16138.97,24.52,2.81,78.29,90.81,3.45,0.3699811234536733,0.4855346969234039,0.478089958095115,3.4615253179542465,76.689186,0.29518244389016945,0.14099336,0.21808790029744068
Aluminum Packaging,13955.23,36.04,1.91,68.38,94.71,4.34,0.4692473945973239,0.524641078362664,0.4879196678715483,3.954249648800821,69.13932,0.1784471343160985,0.24244261,0.21044487109786858
Aluminum Packaging,11956.74,12.63,3.16,80.21,88.31,3.17,0.3455157106791214,0.3337290488263132,0.4019849612101094,3.5643093477919217,76.72264,0.2708310473968071,0.14054382,0.2056874329353115
Aluminum Packaging,18733.61,10.07,3.51,61.37,94.2,4.85,0.5296588235294117,0.5076074744549043,0.5903834267497466,4.381090295268879,62.572887,0.07732086170310526,0.33067727,0.20399906629619374
Aluminum Packaging,16747.82,40.38,4.12,72.66,93.15652173913044,4.11,0.4267682271714433,0.5935249488031403,0.5161212624783792,3.8159911808207085,72.92683,0.21120306709734527,0.19154906,0.20137606491311355
Aluminum Packaging,10175.38,15.25,4.46,66.34,96.45,4.21,0.4924931456702852,0.3455173347469976,0.4459047479375377,4.159222086937381,67.48621,0.12988545484938263,0.26465583,0.1972706416626674
Aluminum Packaging,12507.46,9.06,1.79,74.45,97.59,3.6,0.424251949002777,0.3413125815119263,0.4481126310085808,3.840728350015532,74.12612,0.20534238410857875,0.17543387,0.19038812911941388
Aluminum Packaging,16840.45,27.254200000000004,4.76,71.65,90.04,4.46,0.4263431759656652,0.5307377805386242,0.5164237691135074,4.012766691258896,71.23162,0.1645833881216172,0.21432793,0.1894556597628655
Aluminum Packaging,17990.08,43.9,2.3,69.62,88.63,4.72,0.440050565513759,0.6447912092651632,0.5341054379648165,4.09936871010305,69.82648,0.1440658028378904,0.23320913,0.18863746799304187
Aluminum Packaging,10353.12,25.95,2.75,66.56,85.76,4.69,0.4584791921232011,0.4034343713134705,0.4230105174173915,4.3601098159573795,65.62877,0.08229151688311687,0.28961474,0.18595312695848043
Aluminum Packaging,17045.55,15.1,3.07,82.87,99.63,3.48,0.3559715450643775,0.4443660226816917,0.4928956200727155,3.474151794575567,81.92288,0.2921910031088969,0.07066703,0.18142901576801046
Aluminum Packaging,12580.09,45.91,2.4,84.91,93.41,3.05,0.3192857939914163,0.5051801585880894,0.4024834993695486,3.3257662849428984,84.55315,0.3273462153013096,0.03532356,0.18133488776959705
Aluminum Packaging,16288.17,35.48,2.97,79.55,95.2,3.83,0.3720175713203736,0.5415709102616755,0.484721053577319,3.6609380636912094,78.6551,0.2479379561527283,0.114576995,0.18125747576275025
Aluminum Packaging,11024.77,47.17,1.58,77.62,94.8,3.756470588235295,0.387871345619793,0.498039882051149,0.4072286299474628,3.8446332187351437,77.73021,0.2044172500522864,0.12700492,0.1657110857442981
Aluminum Packaging,18966.41,22.28,1.11,87.08,88.52,3.04,0.285441343095178,0.5100405520872403,0.4804486383639766,3.3616079248314925,86.8934,0.31885468227543146,0.0038770437,0.16136586299974576
Aluminum Packaging,11875.19,38.95,2.75,89.33,97.66,4.39,0.2929799999999999,0.4438627905459555,0.384068948752123,4.028804914535929,75.313095,0.16078364282378366,0.15948421,0.16013392522697056
Aluminum Packaging,13251.77,12.67,0.98,82.53,85.89,3.96,0.3177558369098712,0.3547212104648672,0.4039777625396142,3.685192409746473,82.22656,0.24219166270216297,0.066586375,0.1543890189693371
Aluminum Packaging,15636.59,7.19,2.51,74.19836734693877,94.67,4.3,0.4177154134958705,0.3967476338492606,0.4929519012075818,3.7937360993577687,80.56583,0.21647569859031168,0.088902116,0.15268890720607503
Aluminum Packaging,10532.75,46.59,0.88,74.19836734693877,89.79,4.51,0.4030754134958705,0.4935839030243922,0.4011723164186753,3.9010919769050822,78.75866,0.19104114864927368,0.113185406,0.15211327719023743
Aluminum Packaging,19441.72,46.32,1.43,79.92,95.39,4.09,0.3693181949002777,0.6610517090815783,0.5292780901359584,3.5752044325148593,85.16394,0.26824980468491855,0.02711618,0.14768299207558305
Aluminum Packaging,14906.820204081634,49.34,1.99,77.55,96.53,4.22,0.3936798762938652,0.5892039178629235,0.4716774996278711,3.993768056026651,77.825035,0.16908450857879154,0.1257307,0.14740760095954653
Aluminum Packaging,14152.6,19.32,3.15,73.21,96.6,4.89,0.4322387780863419,0.4308522020525213,0.4789371270979525,4.278570343320689,72.86364,0.10160969336609316,0.19239813,0.14700391212990022
Aluminum Packaging,18416.46,47.54,1.63,88.12,98.85,3.25,0.3072417445089623,0.6255058476821629,0.4897252523442194,3.5686861688528264,87.18193,0.26979409929112463,0.0,0.13489704964556232
Aluminum Packaging,19039.93,36.49,4.81,85.49,87.0,3.51,0.2949308255491037,0.5883644444474745,0.4919724616203407,3.793987652311427,84.634155,0.216416101143867,0.03423506,0.12532558067943167
Aluminum Packaging,13486.1,10.31,2.42,87.78,95.5,3.72,0.3001960363544559,0.3341979961734292,0.4098154747129039,3.7612520007562074,86.03921,0.22417176933228744,0.015355051,0.11976340994804985
Aluminum Packaging,12674.48,23.16,1.17,81.47,99.44,4.8,0.3677721585458217,0.3992597122736169,0.4265643107047019,4.176489187274715,80.33919,0.12579456634005726,0.091947496,0.10887103113870233
Aluminum Packaging,18880.62,6.61,3.97,75.85,97.34,4.97,0.411131335521333,0.4563502689817621,0.5450182742774909,4.707451444968569,75.210495,0.0,0.16086286,0.08043143153190613
Aluminum Packaging,10530.94,28.11,2.620204081632653,79.12,98.26,4.89,0.3849971168896742,0.3864493047715801,0.4029307862165705,4.574266510051667,77.73906,0.03155392099556831,0.12688601,0.07921996558277561
