Material_Type,Strength_PSI,Weight_Capacity_KG,Biodegradability_%,CO2_Emission_Score_%,Recyclability_%,Cost_per_KG_USD,CO2_Impact_Index,Cost_Efficiency_Index,Material_Suitability_Score
Molded Pulp,1746.19,5.18,89.54,31.97,87.23,0.79,0.7685317066397375,0.20727545812366754,0.597900071720829
Aluminum Packaging,11878.75,22.12,0.19,66.19,98.92,2.69,0.5012285685432971,0.41613636381156605,0.46914763047989816
Kraft Paper,5699.76,6.78,91.07,30.28,87.56,0.67,0.7844548043423378,0.3010807588093165,0.6690298254658366
Kraft Paper,4649.23,9.66,85.97050847457626,47.86,87.75,0.76,0.6296852436253471,0.24983819425886097,0.576415065270871
Starch-Based Packaging,2103.02,2.07,94.80654545454549,25.62,69.94,1.77,0.7727712749305731,0.21471591781102678,0.6034178682608644
PLA Bioplastic,8053.78,1.19,68.96,53.47,58.57,3.41,0.4925744281747033,0.2623299823136557,0.5152866525188088
Plywood (Lightweight),14392.26,78.08,54.43,54.87,50.18,2.03,0.45503381469325926,0.7831090706994801,0.5619203554673892
Bamboo Fiber,6288.65,28.32,85.29,22.44,85.77,1.63,0.8483602398384247,0.44333810723234734,0.692653572466036
Plywood (Lightweight),10909.85,77.26,60.88,41.17,56.53,3.22,0.5951391037616763,0.7418472889694243,0.5856792586362239
PHA Bioplastic,7177.07,2.14,81.0,43.87,48.98,2.5,0.5486314920474628,0.27339538507305305,0.5430393472709603
Corrugated Cardboard,4735.78,10.94,78.35,45.53,89.46,0.96,0.6554034789194647,0.26405863089451465,0.574736324136873
Corrugated Cardboard,3829.94,30.15,83.58,50.68,85.05,1.0,0.596667293612724,0.33083171473804523,0.5429074163327594
Plywood (Lightweight),10922.87,44.488653846153845,60.35510204081632,44.85,55.61,2.73,0.5598620626104519,0.5649385886762243,0.5690533400417004
PLA Bioplastic,9363.66,5.98,69.5,59.13,63.65,2.17,0.45780180509972224,0.299529474781497,0.5253062696993321
Plywood (Lightweight),10938.64,53.78,70.77,46.96,69.78,2.14,0.5837277808634183,0.607535217318535,0.610499010171584
Starch-Based Packaging,3854.69,7.51,96.51,28.36,77.28,1.81,0.7705802171168896,0.2717067291014716,0.6381619143850265
Corrugated Cardboard,4611.23,31.08,81.02,43.366666666666674,90.89,1.19,0.6788090221324581,0.37013391370215365,0.589212682411326
Bamboo Fiber,6398.67,11.77,98.79,28.5,86.04,1.0,0.7956231557687452,0.34551769002184884,0.6989722441555306
Recycled Paperboard,5544.46,27.47,72.72,25.39,82.52,1.1,0.8125435900025246,0.41622478805083046,0.6383310690954197
Starch-Based Packaging,2715.77,7.04,92.64,15.78,71.61,1.8,0.8647290154001513,0.27762610421276357,0.649138504995987
Bagasse Fiber,2170.9,14.68016393442623,99.89,24.23,89.43,0.73,0.8435235268871497,0.2842229665726653,0.6588872337240099
PHA Bioplastic,5715.73,7.41,96.36,51.38,50.54,2.97,0.4869519868720019,0.251367413157496,0.5259238404655017
Corrugated Cardboard,4241.97,31.31,84.74,42.97,92.96,0.56,0.6885240292855339,0.36471635280546955,0.5966050686961063
Bagasse Fiber,3951.68,13.21,91.85,19.93,85.85,1.6,0.8707789825801564,0.32418555564722307,0.6793920345641802
Mushroom Mycelium,1696.75,12.11,99.16,29.2,78.31,1.58,0.7662478490280231,0.2487534968915302,0.6090481388721494
Bagasse Fiber,3168.73,9.17,95.1,25.741525423728813,94.94,1.73,0.8466974577554889,0.2727083130471515,0.6699899032946798
Cotton Fiber,5210.31,8.82,90.74,33.05,67.68,2.75,0.700338661954052,0.2944682982632485,0.6105667508480751
Mushroom Mycelium,2390.79,13.68,98.4,15.36,82.49,2.36,0.9010801994445846,0.30601659625895417,0.6790070186270198
Recycled Paperboard,5396.034374999999,13.86,75.69,37.31,94.96,1.029516129032258,0.7445366523605149,0.31335426162267266,0.6217271778952745
Mushroom Mycelium,3256.0,12.8,95.71,26.82,60.65,2.4,0.734297891946478,0.2903774115837243,0.5998937872521609
Molded Pulp,2690.74,4.82,93.77,30.48,87.37,1.13,0.7821175738449886,0.2286263379362603,0.6268670018077257
Cotton Fiber,4493.33,10.394833333333334,88.35,48.02,71.56,1.99,0.5797014592274677,0.24999123575100918,0.5457877300168588
Corrugated Cardboard,4195.03,33.64,80.21,48.01,88.46510638297873,0.95,0.6305051399012713,0.3629630104607322,0.5587348964857761
Bagasse Fiber,2136.27,6.59,99.1,33.3,91.98,1.69,0.7710296238323655,0.21916670819662998,0.6275237404857017
Bamboo Fiber,3096.76,5.26,90.37,22.91,80.25,1.97,0.8276472481696541,0.2583453537029794,0.6407517032662122
Mushroom Mycelium,1906.22,13.43,95.9,20.85,76.42,2.77,0.8343597222923504,0.2809060281854101,0.6335940375469806
Aluminum Packaging,18966.41,22.28,1.11,87.08,88.52,3.04,0.285441343095178,0.5100405520872403,0.4804486383639766
Bamboo Fiber,3991.16,7.8,86.4,27.07,76.38,1.7,0.7792788538247917,0.27925691445100026,0.623110610109588
Recycled PET (rPET),9722.94,26.03,8.24,65.32,85.94,1.86,0.46997602120676596,0.39400921046270043,0.4293342529770421
Corrugated Cardboard,4623.48,37.19,74.07,40.62,88.11,0.62,0.6947389876293866,0.40862145438036357,0.5803278158435135
Mushroom Mycelium,2682.56,8.24,95.84,19.47,77.01,2.06,0.8483236127240595,0.27377454298119536,0.651859354085114
Recycled Paperboard,6099.17,24.94,85.93,38.31,87.14,1.18,0.7122404998737691,0.3820584729618344,0.6336527066490996
Starch-Based Packaging,3728.27,1.54,91.43,31.05,69.37,2.32,0.7230809669275435,0.23173049393033684,0.6000331512397596
Aluminum Packaging,14279.41,44.38,3.91,64.9,91.6,3.51,0.4906672052511991,0.5828219286313319,0.503884898181446
Molded Pulp,3461.35,5.81,89.33,27.16,97.13,1.18,0.8407336001009844,0.2579345510863726,0.6619608832706417
Bagasse Fiber,2543.59,16.98,96.08,21.5,91.7,1.42,0.8744562231759656,0.3105649526577924,0.6718880209693161
Hemp Fiber,7886.09,28.59,89.42,25.54,72.62,1.8,0.7815181671295127,0.4697612253505854,0.6875328796531416
Starch-Based Packaging,1997.07,9.22,97.45,32.46,73.97,2.35,0.724421991921232,0.23189680131255674,0.5892331632810607
PHA Bioplastic,6229.84,2.41,82.26,55.69,46.41,2.12,0.4364781696541278,0.22544902762145408,0.4810442447524064
Recycled PET (rPET),9692.23,21.07,9.0,59.58,87.95,1.43,0.5267255364806867,0.38245882737455705,0.4561389841100376
Bagasse Fiber,4485.32,13.4,98.15,29.34,87.01,1.54,0.7911107876798789,0.3123815646847966,0.6669254257775725
PHA Bioplastic,7589.96,5.13,89.13416666666666,58.5,54.86,3.04,0.43699858116637214,0.2602728180328179,0.5220541149380815
Plywood (Lightweight),13510.7,55.82,69.26,44.32,73.26,3.29,0.6174952234284271,0.6775693837707568,0.66412193229093
Plywood (Lightweight),14799.66,77.6,61.45,59.75,63.92,2.5,0.4531333905579399,0.7767119075588784,0.5912621155279878
Kraft Paper,6303.07,5.51,77.61,28.58,88.45,0.70109375,0.8021462635698056,0.3112791445282039,0.6596074649218415
Bagasse Fiber,3358.51,6.99,97.64,26.18,92.34,1.35,0.8350230295379955,0.26433789357307125,0.671143472814818
Recycled PET (rPET),7106.55,19.72,7.28,72.64,87.46,1.54,0.4098553850037868,0.2893727866071037,0.3623590491844748
Kraft Paper,5230.14,19.81,91.32,29.44,87.99,0.68,0.7931671724312042,0.3602913765013762,0.6663248099029159
Bamboo Fiber,6220.65,14.86,94.72,36.51,88.46,1.07,0.7321055743499116,0.33746280303264964,0.6625830519390447
Kraft Paper,6821.08,19.56,82.52,44.85,88.34,0.89,0.6580520626104519,0.3528388165663804,0.6155983240921735
Recycled Paperboard,4921.07,22.33,80.96,33.0,86.62,0.64,0.7576004695783893,0.357854680778792,0.6245913719230999
Recycled Paperboard,4220.54,4.79,77.03,40.04,86.72,1.2,0.695693956071699,0.23581191151494496,0.5794530903069233
Molded Pulp,1540.31,10.43,88.8,22.11,90.09,1.19,0.8642361701590507,0.2548278145737353,0.6363006183101445
Recycled PET (rPET),9810.19,25.03,19.29,60.16181818181818,85.69,1.79,0.51480450230658,0.403703791477629,0.47183855600197183
Molded Pulp,3234.93,6.59,89.23,33.76,91.23,1.17,0.7647149936884625,0.2406095581801952,0.6214731478879792
Cotton Fiber,4367.05,16.8,80.76,49.19,69.34116666666667,1.57,0.5627066608179753,0.27725266599628323,0.5197740546180913
Molded Pulp,3294.23,6.22,98.44,24.18,87.68,0.74,0.838715334511487,0.26411993470229117,0.6700071921925452
Mushroom Mycelium,2275.6799999999994,14.94,96.07,10.63,73.6,2.35,0.9162052007068922,0.32204463424705115,0.6726977986477589
PHA Bioplastic,5366.97,1.83,89.13416666666666,62.27,53.85,3.100983606557377,0.40065628629134054,0.1881127934567824,0.471455050882951
Bagasse Fiber,4087.22,6.53,98.09,21.67,81.95,1.79,0.8437040772532188,0.2883600562355778,0.6795880141593749
Recycled Paperboard,6553.85,16.81,70.07,25.38,90.13,0.85,0.835461951527392,0.3824068825728064,0.6638587299825899
Bamboo Fiber,6967.8,3.52,86.75,26.01,76.53,0.85,0.7890951754607421,0.32124909490529796,0.6740572573513808
Corrugated Cardboard,5009.29,20.78,88.24,36.51,85.73,0.61,0.7239155743499117,0.34286777411680425,0.6254566069139476
PHA Bioplastic,5692.41,11.69,86.37,63.22,49.2,2.16,0.37831194142893204,0.2429224081703991,0.45804483122523665
PLA Bioplastic,8559.51,14.47,80.98,68.27,74.77,2.4,0.4103993713708659,0.30340351372203017,0.5235104575736225
Bagasse Fiber,4227.52,10.31,93.32,28.66,90.16,0.84,0.8065693713708659,0.292964327389498,0.6621518522772857
Corrugated Cardboard,5945.82,15.06,74.15,40.21,93.01,1.08,0.7130618101489523,0.323491879728771,0.6122453063894759
Corrugated Cardboard,4194.22,15.07,71.4,42.57,84.01,1.13,0.6652084902802323,0.2815470541266455,0.5527736398511086
PLA Bioplastic,6336.44,7.19,80.1,59.86,57.06,2.27,0.43158141378439785,0.24160230959266876,0.4838729369086801
Molded Pulp,2259.91,17.49,96.77,21.07,89.25,1.03,0.8709057687452664,0.3084267213871338,0.6656205268357152
PHA Bioplastic,7652.93,1.57,80.99,43.3,70.0,3.68,0.6167280989649079,0.28170482544144504,0.5945607399093186
Corrugated Cardboard,3579.66,13.5,81.23,45.53,83.79,0.65,0.6383934789194647,0.25338701218223925,0.5513228875061711
Recycled PET (rPET),9417.69,5.35,7.62,67.37,81.0,1.97,0.4370419086089371,0.2766108182372713,0.4057394649623552
Bagasse Fiber,3969.86,12.72,94.62,25.741525423728813,88.11,0.96,0.826207457755489,0.3073774864898777,0.6677308696564682
Corrugated Cardboard,4836.82,27.23,84.42,43.24,94.55,1.14,0.6909082681141125,0.3553716965047174,0.607300866666753
PLA Bioplastic,6963.56,8.421694915254237,69.88,47.36,73.72,2.61,0.59201331986872,0.29237247164000935,0.5537438809172818
Bagasse Fiber,3932.29,18.61,94.3,20.93,84.53,1.14,0.8579828300934107,0.34892593918062126,0.677571306082926
Molded Pulp,2364.23,19.4,89.48,29.5,90.54,1.29,0.8002870032819995,0.29907536519219763,0.6232904486655482
Bagasse Fiber,2515.32,15.21,99.59,31.94,89.61,0.92,0.7759367912143398,0.27455871336531185,0.634764053796276
Recycled PET (rPET),9535.79,8.83,16.85,48.39,83.64,1.57,0.6126720828073718,0.3447857058854981,0.5031979518914715
Molded Pulp,2721.83,16.56,86.46,29.65,92.99,1.06,0.8063115804089875,0.29150486634520467,0.6270937892726829
Bagasse Fiber,3340.4,9.55,97.01,28.09,80.7,0.91,0.783225978288311,0.27225803225054446,0.6390896127407983
Aluminum Packaging,11024.77,47.17,1.58,77.62,94.8,3.756470588235295,0.387871345619793,0.498039882051149,0.40722862994746284
Kraft Paper,6914.05,4.13,90.01,41.96,83.81,0.63,0.6699985432971471,0.2830006164819073,0.6339136215395267
Cotton Fiber,4354.987258064515,10.394833333333334,87.57,40.67,76.59,2.07,0.6597371800050492,0.2657008493308518,0.5799851624786867
Recycled PET (rPET),8587.42,7.6,10.56,67.65,81.71,2.14,0.4366977859126482,0.27034833191765356,0.3991739266878753
Mushroom Mycelium,1226.54,2.94,98.55,22.17,80.86,2.24,0.836016001009846,0.209849834369745,0.6322931753328134
PHA Bioplastic,5111.21,2.71,90.99,61.41,64.85,2.86,0.4412553774299419,0.1895300732100062,0.496480993825505
Hemp Fiber,5460.08,13.04,85.22,33.12,74.48,1.12,0.7201201312799798,0.32104927341251593,0.6167036432053518
Hemp Fiber,7164.47,3.27,97.59,34.93,87.38,1.88,0.7428266952789699,0.3014951412427153,0.6867165453201547
Bamboo Fiber,6406.28,11.91,94.93,22.25,81.75736842105263,1.15,0.8380012140740641,0.36217031737212835,0.7064641731175421
Starch-Based Packaging,2850.9,3.83,91.09,24.35,83.44,1.48,0.8244931885887401,0.24232568825360154,0.6393263204816859
Bagasse Fiber,4654.57,19.79,98.56,32.49,88.13,1.27,0.7666369073466295,0.3406468853764174,0.6606691745577485
Aluminum Packaging,12674.48,23.16,1.17,81.47,99.44,4.8,0.36777215854582174,0.39925971227361695,0.4265643107047019
Cotton Fiber,4195.39,15.9,89.74,42.06,75.66,1.97,0.6446649280484725,0.2871107288992939,0.5747434167130753
PHA Bioplastic,5070.92,4.03,97.28,53.38,58.22,2.02,0.49231968189851044,0.21573608770822522,0.5256021304409495
Hemp Fiber,6785.12,4.44,87.66,20.44,83.2,1.48,0.8583225448119162,0.33626579999520295,0.7074935334545411
Bamboo Fiber,6562.95,20.51,92.68,38.09,81.75736842105263,1.74,0.6980365586840112,0.369461170236795,0.6443918983731494
Starch-Based Packaging,3092.78,4.55,98.13,18.3,73.7,1.71,0.8487319111335521,0.2662646479944756,0.6605850924455965
Bamboo Fiber,6178.88,27.03,95.82,34.32,82.16,1.47,0.7325567482958848,0.40447863236566395,0.6598342931284594
Hemp Fiber,7334.55,11.93,97.81,30.77,87.35,1.33,0.7794950896238322,0.3598615725957104,0.7054750865823016
Aluminum Packaging,18416.46,47.54,1.63,88.12,98.85,3.25,0.3072417445089623,0.6255058476821629,0.4897252523442194
PHA Bioplastic,8343.79,6.491803278688525,80.69,61.36,57.43,3.75,0.4194371850542792,0.27553840347359115,0.5110887354773058
PLA Bioplastic,9766.92,7.58,78.0,63.0,68.19,2.74,0.43722589497601605,0.30625273284309745,0.5429721978280694
Mushroom Mycelium,2877.92,8.38,95.13,10.11,67.63,1.69,0.90289,0.30214154992122233,0.6701379330073922
Mushroom Mycelium,3032.68,6.69,96.12,28.94,73.19,1.86,0.7531852486745771,0.24912934307815227,0.6143204231534434
Starch-Based Packaging,3104.39,5.92,94.73,27.79,71.62,1.47,0.7586368240343347,0.24956336205786334,0.6138588605533168
Bagasse Fiber,3693.59,14.38,91.72,15.6,84.95,1.14,0.9063395228477658,0.33580096702962076,0.6897466046419718
PHA Bioplastic,8546.34,9.9,89.13416666666666,62.43,66.0,3.43,0.4356925018934612,0.2944644163738447,0.5442091544351365
Mushroom Mycelium,1408.41,7.98,98.96,13.96,84.97,2.83,0.9208908129260287,0.26013844562072774,0.6752310995051645
Plywood (Lightweight),9221.91,39.27,54.04,49.54,59.87,4.23,0.5312005074476142,0.4913671567515536,0.5209215004925734
Molded Pulp,3467.36,10.4,96.73,30.24,96.94,1.42,0.8129482504418075,0.2737967327714028,0.6648261986241614
Bamboo Fiber,3203.3,7.77,97.1,21.79,81.59,1.44,0.8415637389548094,0.276223516184826,0.6627918691109185
PLA Bioplastic,7465.51,8.421694915254237,69.11,51.57,74.63,2.471724137931034,0.5575431178995203,0.29207111807622077,0.5458246980284456
Recycled PET (rPET),10366.05,24.81,19.74,50.0,76.23,1.79,0.5762158773037112,0.4396678575617827,0.5008788924684888
Mushroom Mycelium,2852.25,1.52,97.37,17.87,62.87,2.43,0.8200414567028527,0.24687895235591023,0.6353202409494307
Plywood (Lightweight),10019.41,69.49,60.35510204081632,52.05,63.95,2.71,0.5212617647058824,0.6562539601643259,0.5445264475994114
PHA Bioplastic,5795.43,5.86,85.51,38.07,61.03,2.88,0.6360311764705882,0.2786692375993115,0.5768137120385146
Kraft Paper,4653.27,13.83,86.48,25.51,83.3225396825397,0.5,0.8138908707517342,0.32770916456001464,0.6532803077138434
Aluminum Packaging,13076.87,21.94,4.04,74.72,88.46,3.26,0.39447618783135563,0.4183297606326709,0.44212153134536936
Recycled PET (rPET),11517.99,10.12,11.78,53.44,80.82109090909093,2.2,0.5595927854765785,0.37942740662311814,0.49887180876376735
Hemp Fiber,5381.92,17.804,99.06,16.48,73.62,2.12,0.8645737086594294,0.385856516481151,0.7045024489105614
Mushroom Mycelium,3361.52,9.07,98.28,11.73,74.11,2.62,0.9080154329714718,0.3115362466503606,0.6907323589160613
Corrugated Cardboard,4313.63,6.72,78.9,49.63,94.89,0.66,0.635465253723807,0.2234034114246,0.5646570690978099
Recycled Paperboard,3790.37,19.02725806451613,88.22,32.55,80.42,0.65,0.7429767381974249,0.31880759920481544,0.6109839462715512
PHA Bioplastic,6458.12,7.95,99.25,52.64,58.36,3.65,0.49927843473870237,0.26622695469047,0.5540343053633452
Plywood (Lightweight),11414.03,14.46,60.35510204081632,64.65,72.45,3.27,0.43542624337288555,0.3712211736674577,0.5353312337174646
Kraft Paper,6669.17,24.09,82.55,38.03,89.01,0.84,0.7203246225700579,0.39013821442008034,0.6404811188509223
Bagasse Fiber,2410.49,17.8,94.96,28.57,87.23,0.94,0.798574625094673,0.294178303469158,0.6318781815929374
Bamboo Fiber,4046.97,21.93,96.54,23.11,83.72,1.16,0.8362900176723049,0.3627899372330957,0.6739503449892594
Hemp Fiber,7309.37,32.85,86.31,22.74,88.56,2.16,0.854079394092401,0.48678830100364456,0.7148902004816431
PHA Bioplastic,5540.78,3.33,90.79,44.12,64.32,2.36,0.5924424539257762,0.24519500291919324,0.5671250234551077
PLA Bioplastic,7086.96,4.38,79.09,45.99,72.99,1.85,0.6019288487755616,0.27766465992352823,0.5778164015604987
Hemp Fiber,5084.08,32.66,87.23,27.87,73.44,2.39,0.763389931835395,0.4270798561658889,0.6327274573760515
PHA Bioplastic,7806.35,5.94,99.01,58.03,53.22,2.28,0.4362315728351426,0.2700610524728844,0.5436664423571808
Bagasse Fiber,3948.54,24.02,96.57,21.44,82.67,1.19,0.8478963923251702,0.3756878820260322,0.6767157245295625
Starch-Based Packaging,1724.93,3.75,93.44,33.28,82.13,2.36,0.7416563468821005,0.19620498294769878,0.5902197353075647
Bagasse Fiber,2496.1,20.44,98.24,25.741525423728813,86.73,1.6,0.822067457755489,0.31660506975740416,0.6494776446312585
Bagasse Fiber,4889.79,3.98,90.63,18.46,91.76,1.09,0.9014981267356728,0.29991287082445794,0.7088118490739604
PHA Bioplastic,6467.1,2.3,89.13416666666666,50.20177419354839,45.74,3.9,0.4829629697616274,0.24362262131015464,0.5179122994955357
Cotton Fiber,3296.84,8.15,85.99,53.55,69.24,1.65,0.5238775359757637,0.1999129862980421,0.4970181325866211
Plywood (Lightweight),9920.25,45.9,58.52,63.55,69.86,4.09,0.43737601110830593,0.5043303291606878,0.5075924816294343
Kraft Paper,7170.68,13.02,89.61,44.72,80.92,0.42,0.6369407624337289,0.32685569739492926,0.6208408236229022
PHA Bioplastic,7428.11,8.58,96.32,49.41,68.43,3.53,0.5580292072708912,0.2975657963880916,0.5955072691041843
Molded Pulp,2516.25,7.61,87.51,23.71,91.32,0.63,0.8537883261802575,0.25642100266417084,0.6451781712408842
Bagasse Fiber,4525.92,13.15,95.92,27.86,86.92,1.35,0.8039182933602625,0.31567257421412437,0.6685116474465105
Hemp Fiber,4751.3,33.25,94.85,22.93,86.1,1.12,0.8450205251199192,0.43572727590760063,0.6868765974663067
Cotton Fiber,5491.89,8.03,92.32,56.75,75.12,2.35,0.5132418480181772,0.23638110628873515,0.5432051534979689
Aluminum Packaging,16288.17,35.48,2.97,79.55,95.2,3.83,0.37201757132037366,0.5415709102616755,0.484721053577319
Bamboo Fiber,6548.57,13.91,92.05,29.19,76.18,1.74,0.7599462105528906,0.3578229096963822,0.6654574902565549
Recycled Paperboard,4003.18,21.59,73.27,44.89,85.44,1.38,0.648998616510982,0.3051610702439048,0.547644210867829
Cotton Fiber,3665.71,11.99,94.08,41.37,67.92,1.23,0.6275418732643272,0.2579241743184143,0.5623926008310102
PHA Bioplastic,6685.19,5.34,82.78,47.17,53.32,2.98,0.5324921888412018,0.2713375059532887,0.5351963541606402
Plywood (Lightweight),13765.28,66.6,60.35510204081632,61.94,58.87,2.25,0.41863221661196665,0.6935488855510138,0.5547153058066561
Bamboo Fiber,5600.13,12.64,98.2,22.1,88.64,1.03,0.8599745316839182,0.3497027826441725,0.7149051907648878
Kraft Paper,6376.04,15.1,77.55,27.73,83.35,0.89,0.7943569931835395,0.3640554731331255,0.6536321975197669
Plywood (Lightweight),13814.9,48.49,58.67,50.17,51.09,4.28,0.49929373138096433,0.6315078620401936,0.5811191411722485
PLA Bioplastic,6978.41,13.17,73.2,61.02,65.51,1.56,0.4466814768997728,0.2825170927408869,0.4924709780805208
Molded Pulp,3896.17,15.63,99.08,26.34,92.14764705882354,1.049795918367347,0.8330321863165867,0.3192582344833773,0.6813325189928112
PLA Bioplastic,9282.86,12.98,81.46,65.68,65.17,2.16,0.40448500631153744,0.31719149793883605,0.5262414650702336
Cotton Fiber,5629.22,10.394833333333334,81.08,36.1,72.96,1.44,0.6892283968694772,0.30345480099837274,0.5966994504057525
PHA Bioplastic,6063.02,10.51,91.51,57.73,55.49,3.12,0.44569241858116637,0.2583625080530596,0.507425140312047
Molded Pulp,3151.85,18.53,89.53,36.49,92.72,1.46,0.7450622973996466,0.2931760782424244,0.6134335248665403
Hemp Fiber,7465.01,15.49,98.92,19.66,78.19,2.02,0.8501847437515778,0.4088318747773079,0.7334633336750788
Aluminum Packaging,19441.72,46.32,1.43,79.92,95.39,4.09,0.3693181949002777,0.6610517090815783,0.5292780901359584
Hemp Fiber,6130.67,22.19,98.27,17.43,72.57,1.51,0.8530293637970209,0.42133241013544565,0.7087768943312638
Aluminum Packaging,14152.6,19.32,3.15,73.21,96.6,4.89,0.4322387780863419,0.43085220205252134,0.4789371270979525
Recycled PET (rPET),10736.22,10.92,16.53,69.02,91.0,2.61,0.45246225700580667,0.32810788627224435,0.4576765514675355
Molded Pulp,2731.42,7.7,90.31,33.22,85.79,0.8,0.7531665160313052,0.23729995419204872,0.6070309360294368
Recycled PET (rPET),9476.95,16.566981132075473,11.34,70.24,72.49,2.65,0.38615215097197675,0.328048449572153,0.3862136156828717
PLA Bioplastic,9464.3,4.8,81.79,60.65,69.46,3.36,0.46180085331986864,0.29171757671192533,0.5573301643014323
Cotton Fiber,4560.15,11.48,90.99,32.51,73.1,1.28,0.7213701842968947,0.2960820452895825,0.6139197939117123
Kraft Paper,7388.44,13.9,80.92,25.72,77.27,0.44,0.7938776596818985,0.38381184107871824,0.6714534084878383
Cotton Fiber,5635.78,3.7,90.5,49.13,63.54,2.89,0.5458333299671799,0.236396733167449,0.5474778227379972
Molded Pulp,1859.74,16.75,99.52,23.01,92.14764705882354,1.38,0.8624565740974501,0.2915047625244519,0.6634003313541073
Corrugated Cardboard,4869.83,28.41,82.78,33.21,92.93,0.54,0.7746748775561727,0.387417824900831,0.6392694558242707
Bagasse Fiber,2603.16,8.03,95.18,18.15,93.23,0.91,0.908647334006564,0.2743976147847521,0.686751437939172
Hemp Fiber,7042.03,15.74,85.77,22.12,83.13,2.2,0.8432678086341833,0.39519953738671626,0.7011716508273895
Recycled PET (rPET),9166.45,9.2,5.01,47.53,80.67,2.42,0.6113611739459732,0.34125345044024075,0.47110944144327405
Bagasse Fiber,2562.5,14.41,96.27,30.05,87.23,1.61,0.7854971194142892,0.2762025710607947,0.6312420472735758
PLA Bioplastic,8931.49,13.77,78.83,43.95,51.63,2.39,0.555874599848523,0.3688693171833426,0.5707636016721317
Cotton Fiber,3783.54,14.75,84.52,54.42,71.17,1.67,0.5219800833122948,0.24154156398371424,0.5021504104471516
Hemp Fiber,6229.51,4.52,98.46,28.79,81.87,1.7308620689655172,0.780550671547589,0.3041638077263563,0.6862630469547226
Recycled Paperboard,6465.29,17.11,70.9,41.31,93.56,1.3,0.7049920424135319,0.3419045899179709,0.6106883369005931
PLA Bioplastic,7910.621499999999,8.421694915254237,64.0,54.27,70.76,2.55,0.5220755061853067,0.2944125201623904,0.5244971498459235
PLA Bioplastic,6989.68,3.64,76.24,41.15,71.98,2.58,0.6416658268114113,0.28409134389281343,0.5869177277740392
Bamboo Fiber,5077.51,13.22,99.34,27.03,82.01,1.65,0.7965222999242615,0.3294751956028674,0.6771937636906917
Mushroom Mycelium,1096.91,13.5,97.77,24.88,73.32,2.68,0.789450027770765,0.25443944040850874,0.6033886115006012
Aluminum Packaging,18256.61,21.48,3.62,63.81,95.19,3.96,0.511068611461752,0.5500863362139278,0.5759831182530931
Aluminum Packaging,18880.62,6.61,3.97,75.85,97.34,4.97,0.411131335521333,0.4563502689817621,0.5450182742774909
Cotton Fiber,3560.66,2.97,85.55,38.52,62.49,2.35,0.6364349078515525,0.2167489792593444,0.5436255447208633
Bamboo Fiber,6193.51,23.38,88.23,36.62,86.96,0.97,0.7266335975763696,0.3802742495572752,0.6457534066345261
Aluminum Packaging,12580.09,45.91,2.4,84.91,93.41,3.05,0.3192857939914163,0.5051801585880894,0.4024834993695486
Aluminum Packaging,13251.77,12.67,0.98,82.53,85.89,3.96,0.3177558369098712,0.3547212104648672,0.40397776253961426
Corrugated Cardboard,6397.83,39.99,77.71,53.22,86.43,0.79,0.5783634662963899,0.427661597025095,0.5639201312100373
Kraft Paper,6541.88,8.34,86.14,36.16,84.97,0.69,0.7247282277202727,0.3115538649644299,0.6447063925461175
Cotton Fiber,4132.55,11.97,94.24,55.68,76.84,1.9,0.5278565311789952,0.23129938620581159,0.5335657759496228
Recycled PET (rPET),11193.99,21.71,8.93,54.92,83.57,2.16,0.5547620070689219,0.42839989955898067,0.48805914709709086
Hemp Fiber,5548.74,9.19,90.24,28.62,80.42,1.64,0.7777028174703358,0.31451079868193255,0.6570439394232146
Recycled PET (rPET),11138.75,25.29,12.878653846153847,47.87,80.14,2.18,0.6067668821004797,0.4634020742590408,0.5149505612608274
Aluminum Packaging,14316.82,43.12,0.18,68.28,88.86,4.57,0.45258100984599847,0.5686034968980641,0.4787141488541449
Starch-Based Packaging,3179.18,1.19,95.14,24.26,75.05851851851851,2.24,0.8001439978681029,0.2357824483615451,0.6360787015466688
Recycled Paperboard,4265.87,19.02725806451613,85.61,46.75,94.03,1.3,0.6583333728856349,0.2927411512942759,0.5865412123058218
Cotton Fiber,3651.95,4.86,83.44,35.14,71.57,2.08,0.6935411032567532,0.2368427838767087,0.5717693673005785
Corrugated Cardboard,6498.47,18.33,80.15,53.07,88.46510638297873,0.64,0.5857942083183378,0.31914777321231386,0.5749967052803592
Mushroom Mycelium,2125.65,8.58,95.08,23.89,72.62864406779661,2.07,0.7961237509360329,0.2528995082558566,0.616243241164015
Cotton Fiber,5735.92,16.2,90.06,33.73,74.74,1.35,0.7155100782630649,0.3413730008912542,0.6288606937367133
Recycled Paperboard,5536.15,13.16,74.14,44.85,88.22,1.029516129032258,0.6576920626104519,0.2936153814678937,0.5787524554008027
PHA Bioplastic,8628.01,7.32,98.91,64.25,52.09,3.32,0.3778807043675839,0.27833270797200693,0.5303303806835615
Bagasse Fiber,3840.86,11.69,91.11,33.72,90.17,1.71,0.7618884397879323,0.2793041844223554,0.63261870968885
Hemp Fiber,7349.21,25.62,90.66,18.5,70.8,1.28,0.8382646806362029,0.4612734147246008,0.7047510928185825
Recycled Paperboard,6629.53,19.68,82.62,38.73,81.5,1.18,0.6916093158293359,0.36496320510700003,0.6223387529987523
Starch-Based Packaging,1618.3,11.88,99.25,20.09,72.43,1.79,0.8291051981822771,0.26896040609495353,0.630756659970776
Corrugated Cardboard,4677.88,14.94,89.24,43.32,93.54,0.82,0.687171375915173,0.2889385806890376,0.6121759677627933
Aluminum Packaging,14906.820204081634,25.7,3.03,74.19836734693877,90.27,2.84,0.4045154134958705,0.47655894254359005,0.47393216323401627
Recycled PET (rPET),10626.67,20.01,17.99,57.92,89.92,2.59,0.5473035496086847,0.400444819875226,0.4987841698372217
Bagasse Fiber,4470.09,12.36,99.23,17.29,84.51,1.61,0.8900864251451653,0.3371619597752047,0.7094852103794765
Molded Pulp,3496.51,10.66,91.54980769230768,24.89,92.19,0.82,0.8459716662458975,0.28923513138942114,0.6656642462618122
Kraft Paper,4522.9,12.19,79.45,32.92,80.13,0.87,0.7388373617773288,0.2979178551261953,0.6027469449088075
Kraft Paper,4166.26,8.85,91.66,44.07,86.65,0.74,0.6598742615501136,0.24532011978928006,0.5925064338843068
Plywood (Lightweight),8608.65,49.59,53.29,49.95,50.67,2.25,0.4999776849280484,0.5305835148981166,0.490004158829899
Hemp Fiber,6167.551694915255,8.62,86.95,22.65,89.58,1.69,0.857934647816208,0.339394292705693,0.7009333390914212
PHA Bioplastic,8066.16,7.08,85.82,36.35,58.5,3.38,0.6436393587477909,0.3359802813509128,0.6139269309483566
Aluminum Packaging,15796.36,15.34,1.18,69.83,99.61,2.78,0.47113497349154254,0.45281528646325087,0.5191770088454711
Recycled PET (rPET),11838.93,28.81,12.41,49.66,75.91,2.15,0.5782601691492048,0.491321521605559,0.509577921108205
Bamboo Fiber,5180.7,9.2,95.19,32.79,87.48,1.03,0.7620360616006059,0.29646221411536566,0.6596042474586769
Bagasse Fiber,4049.05,17.83,94.8,33.03,88.09,0.96,0.7617453850037869,0.31678445267756505,0.6416723375558409
Corrugated Cardboard,3044.09,38.27,75.25,43.366666666666674,93.71,0.81,0.687269022132458,0.37472510384359803,0.5591178547435506
Hemp Fiber,7964.21,13.67,90.56,26.83,78.52,1.1,0.7878195304216107,0.3916773109767779,0.697935709297919
Plywood (Lightweight),8927.74,15.62,58.92,56.88,61.97,4.46,0.47264314819490016,0.34562635063122715,0.5025569783347149
Recycled Paperboard,5747.58,28.97,75.65,37.21629032258064,84.41,0.96,0.7137146853596761,0.39823143849899306,0.6063265679343512
Cotton Fiber,5208.01,10.01,86.48,41.25,72.89,2.24,0.6435122115627366,0.27981544585366047,0.5813691133870637
Aluminum Packaging,16840.45,27.254200000000004,4.76,71.65,90.04,4.46,0.42634317596566523,0.5307377805386242,0.5164237691135074
Corrugated Cardboard,3683.77,22.6,81.05,51.03,90.81,0.8,0.6108546402423629,0.2882624737142714,0.5457809110154743
Plywood (Lightweight),14247.88,44.88,62.49,60.13,65.0,3.2235849056603785,0.4530156526129765,0.596777109536984,0.585551005371972
Molded Pulp,1768.98,7.78,89.26,21.65,94.53,0.77,0.8816208003029538,0.2471180455708619,0.6513721616002071
PHA Bioplastic,8883.27,10.65,80.61,52.2,57.82,3.98,0.5015463418328705,0.3310655436150505,0.5547213414372205
Bagasse Fiber,3993.1,18.64,91.38,15.04,89.32,0.88,0.9243977682403433,0.3652007339046627,0.7045481914041041
PHA Bioplastic,8823.88,8.21,98.98,44.69,69.01,2.91,0.6014758470083312,0.33630349388693787,0.641405156611661
Kraft Paper,5121.6,20.56,81.79,49.22,77.96,0.42,0.5882980762433728,0.3119635692396721,0.5506036420637545
PHA Bioplastic,8663.12,11.34,85.34,38.12,69.66,2.5,0.661479368846251,0.36561752418880533,0.6377945516375716
Bagasse Fiber,2519.85,7.72,97.74,21.29,87.17,1.45,0.8627218151981823,0.2631681630659453,0.6665806051015811
Recycled Paperboard,5122.34,19.44,79.06,36.03,86.26,0.86,0.7297469275435495,0.3395407611120713,0.611698555892741
Hemp Fiber,4070.29,20.41,91.43945454545457,32.49,71.61,1.77,0.7170769073466295,0.33180195626284614,0.6043565322316359
Recycled Paperboard,4319.22,4.91,79.35,37.21629032258064,81.81,0.88,0.7059146853596762,0.24558571845155613,0.5864940744036174
Corrugated Cardboard,6855.37,39.69,89.6,32.0,84.89,0.93,0.761246622065135,0.4891106124030995,0.6720649911481841
PHA Bioplastic,7820.32,8.54,84.92,47.18,53.62,3.100983606557377,0.5333038273163342,0.31106022044217313,0.5575590866321218
PHA Bioplastic,8693.78,5.23,99.23,55.83,50.85,3.41,0.44856110830598334,0.2902361714829413,0.5613918522029367
Mushroom Mycelium,1262.95,9.91,99.07,13.13,78.67,1.99,0.9093248194900279,0.2691284318240189,0.6637499329477932
Bamboo Fiber,3069.44,21.59,87.01,24.45,81.75736842105263,1.59,0.8185616786032235,0.3375531433086209,0.630785611687834
Kraft Paper,5435.4,23.03,77.83,43.45,79.35,0.66,0.6434526760918959,0.34564050518662476,0.5721476274328853
Recycled Paperboard,6175.41,6.84,71.4,38.91,80.05,1.16,0.6856688083817217,0.2893868796235631,0.5892849910728278
PLA Bioplastic,7832.55,5.3,69.61,58.58,65.59,3.28,0.4684816889674325,0.2659328726571278,0.5078631689765192
Bagasse Fiber,3554.37,7.7,94.95833333333331,22.52,91.29,0.81,0.8642133476394849,0.28124496415756,0.6805566331095343
Bamboo Fiber,5863.22,23.41,94.33,30.03,84.93,0.86,0.7787738424640243,0.39026966161892473,0.6737660436843597
Hemp Fiber,5014.54,4.59,85.65,20.79,79.87603448275863,1.48,0.845257994889831,0.2997221632212454,0.6681744045663147
Recycled Paperboard,7252.54,10.15,75.59,45.61,87.92,0.93,0.650076586720525,0.3115901343210168,0.6046627444810775
Hemp Fiber,5490.62,25.31,85.99,26.18,88.34,1.54,0.8230230295379954,0.40205704751151894,0.6727178357823123
Starch-Based Packaging,2161.05,5.13,95.41,34.64,75.05851851851851,2.17,0.7084247350556816,0.20881404733965045,0.5816005480167173
Recycled PET (rPET),9535.17,24.26,7.0,61.29,72.12,1.75,0.4641257157283515,0.39125254750886806,0.4115753907967321
PHA Bioplastic,8074.5,8.81,80.82,63.01,58.27433333333333,3.06,0.4073905334511487,0.27770834022636687,0.502633924120484
Starch-Based Packaging,3050.0,4.17,99.58,27.05,67.66,1.76,0.7532955768745266,0.24134737642759385,0.6176125873542575
Cotton Fiber,5707.73,5.33,87.77542372881356,51.98,70.67,1.83,0.5420402953799546,0.23903231196423924,0.5466001816932304
Starch-Based Packaging,3433.89,10.2,96.59,18.9,77.26,1.16,0.8541102196415046,0.3007126544644313,0.6676131247205027
Aluminum Packaging,16884.65,27.19,1.94,67.64,93.15652173913044,3.93,0.471125712654907,0.541441977791441,0.5328781993825439
Recycled Paperboard,5016.61,23.81,83.4,41.42,81.72,0.82,0.6685000656399899,0.3461450594279135,0.5892651107103217
Molded Pulp,2523.9,16.77,85.48,30.55,92.48,1.049795918367347,0.7968290431709164,0.2862362590799168,0.6176491955729633
Corrugated Cardboard,3767.75,21.06,81.18,43.366666666666674,86.57,0.52,0.665849022132458,0.3014479263714772,0.567877519710781
Bagasse Fiber,3685.44,14.68016393442623,90.92,20.75,87.18,1.19,0.867523337541025,0.3241692442357184,0.6729764313801114
Kraft Paper,7485.4,14.93,82.59,27.22,87.91,0.73,0.8125434309517798,0.3872964431548652,0.6918928667118627
Kraft Paper,6087.79,21.22,83.41,49.85,83.62,0.56,0.599711300176723,0.33363290319346117,0.5776904692123651
Mushroom Mycelium,2204.8,13.1,95.33,27.35,77.62,2.53,0.7805247311285028,0.2689485348153591,0.6148450943598535
Bamboo Fiber,5573.54,10.24,98.08,29.6,83.06,1.35,0.7769633880333248,0.3179260172671933,0.6746927045631448
Kraft Paper,6093.33,3.93,88.45,43.77,89.03,0.78,0.6696651072961373,0.2605207243830536,0.6217115444516206
PHA Bioplastic,8911.57,9.04,83.61,43.92,48.22,3.25,0.5459096844231254,0.3443036579745587,0.5733203567160837
PLA Bioplastic,8338.44,5.0,64.76,40.45,51.08,3.42,0.5851511335521333,0.3205755956494636,0.5455956458162796
Kraft Paper,6982.78,15.7,79.82,26.24,79.76,0.7,0.7967528603887907,0.38337417762344445,0.666002154776371
Plywood (Lightweight),12165.88,63.19,73.08,41.46,63.49,3.49,0.61345661954052,0.6948771848429889,0.6423093848608232
PHA Bioplastic,5032.42,4.07,93.17,35.45,59.87,2.79,0.655701895985862,0.26041524163704755,0.5879785155673987
PLA Bioplastic,6650.69,11.36,69.56,53.56,67.02,2.25,0.5171291744508961,0.28533556632115387,0.5113964430887378
Bamboo Fiber,4000.23,22.73,97.74,21.26,88.3,1.13,0.8663768997727845,0.3705971923204333,0.6917975620274028
Plywood (Lightweight),9575.77,29.98,60.48,60.44,73.8,2.82,0.4766764453420853,0.4235370659840242,0.5258585482609122
PLA Bioplastic,7439.28,14.27,78.32,54.54316666666667,51.77,2.54,0.46269176386434396,0.31398593206481373,0.5068810824722605
PHA Bioplastic,7560.74,9.85,81.71,48.24,58.27433333333333,3.100983606557377,0.5379005056803837,0.3097545143858602,0.5524210358774819
Hemp Fiber,7586.56,6.59,95.07,30.63,73.16,1.8,0.7381621509719768,0.33804339351548807,0.6760279202414222
PLA Bioplastic,7330.06,14.66,83.57,41.2,57.94,1.81,0.5991040191870739,0.34742311526505754,0.578576838474408
Bamboo Fiber,3098.37,26.67,85.35,25.0,82.02,1.65,0.8144896894723553,0.3627844100513099,0.626350822572233
Hemp Fiber,7029.65,34.89,89.81,22.75,81.59,1.88,0.8330810325675334,0.4914588281616029,0.7036037549628693
Molded Pulp,2156.44,18.75,95.45,32.03,88.66,1.049795918367347,0.7722915374905326,0.2850830350684864,0.6186963311053502
Mushroom Mycelium,3227.98,12.2,95.79,20.38732142857143,64.09,2.51,0.8014580207018429,0.30296718567580344,0.6308616494743213
Kraft Paper,4081.49,6.02,87.57,29.89,87.06,0.45,0.7864009038121687,0.2648771252447735,0.6375279236667075
Cotton Fiber,4617.92,7.78,89.1,46.91,76.38,2.76,0.6039695884877556,0.2419612492766514,0.5630553808886661
Bagasse Fiber,2284.07,9.17,92.92,29.55,91.27,1.27,0.8020351956576621,0.24489211076121975,0.6302117512778584
Starch-Based Packaging,2912.64,7.07,96.25,21.2,84.37,1.75,0.8551170689219894,0.26814684412870016,0.6643991843257111
PLA Bioplastic,7981.95,7.48,83.95,48.14,67.55,2.471724137931034,0.5666111209290583,0.30653168811663634,0.58233557414235
PLA Bioplastic,6548.11,12.08,69.74,56.14,55.52,2.32,0.4598319010350921,0.2804000713652296,0.47740369484757905
Plywood (Lightweight),13079.55,44.488653846153845,65.01,49.81,63.03,4.18,0.5382947462761928,0.5967887040463502,0.6077094067545178
Cotton Fiber,3576.23,5.21,93.85,42.34,69.34116666666667,1.39,0.6232343053521837,0.21890070183722748,0.5597203707545282
Kraft Paper,4170.64,24.51,88.34,25.72,82.54,0.97,0.8096876596818985,0.3719623302894651,0.6471967362245313
Hemp Fiber,5722.35,3.21,91.22,22.53,84.69,1.6,0.8443249861146174,0.3028223642966009,0.6932873854298602
PLA Bioplastic,9735.95,10.07,64.03,46.4,61.32,2.62,0.563296026255996,0.3602803028994407,0.5636464535728128
Starch-Based Packaging,2399.95,11.87,93.36,23.31,69.97,2.47,0.7932727871749559,0.27686182674720317,0.6139112301057598
Molded Pulp,3262.01,13.06,86.3,38.84,85.2,1.049795918367347,0.7017373390557939,0.2614871581534294,0.5847269927814658
Molded Pulp,2115.24,12.92,93.42,36.3,94.66,1.03,0.7525611663721282,0.2435884641293219,0.6098259549166111
Aluminum Packaging,16506.39,42.85,3.84,65.66,97.53,4.56,0.5017417293612725,0.618883686317698,0.5470906177943664
Cotton Fiber,3054.06,7.81,93.82,44.37016393442623,66.91,1.34,0.5980019672545018,0.21635170350946406,0.5390524317691142
Starch-Based Packaging,3963.09,2.5,98.08,16.54,83.06,1.98,0.8923635395102246,0.27811195009793066,0.6992994875823018
Corrugated Cardboard,5263.09,23.3,71.73,53.95,92.11,0.56,0.5889530749810654,0.3169700848630531,0.543032636775789
Corrugated Cardboard,3110.2,22.37,79.82,32.63,85.82,1.02,0.7584698459984851,0.3217363032086048,0.5941669701204804
Mushroom Mycelium,1191.28,5.2,99.53,19.01,81.05,2.93,0.8645082428679625,0.22868003639286977,0.6460579211260493
PLA Bioplastic,8040.81,9.67,65.5,51.84,51.05,3.0,0.48441735672809894,0.30962087889039974,0.4992915791887018
Mushroom Mycelium,2150.9,4.84,99.55,20.38732142857143,72.1,2.88,0.8254880207018429,0.24310208839961628,0.6377897961509912
Kraft Paper,6262.22,16.4,88.59,27.97,83.19,0.57,0.7917563165867204,0.3677676334844414,0.6727513247809759
Recycled Paperboard,5912.9,14.6,81.01,28.64,92.28,1.32,0.8131060944206008,0.34966781152904325,0.6678271285215874
Plywood (Lightweight),8994.69,19.94,60.04,53.083703703703705,55.42,3.97,0.4865378011538425,0.37871913487520864,0.5071088124951213
Molded Pulp,3382.09,10.22,90.15,32.25,95.26,0.9,0.7901475839434486,0.26604575395467456,0.6393642138243444
Bamboo Fiber,5118.850689655172,16.22,89.46,29.7,86.87,1.51,0.7875097727846503,0.338953882241407,0.6576588378594879
PLA Bioplastic,9892.03,14.6,70.0,61.63,67.52,1.56,0.4473214238828578,0.3482486222320491,0.5327332013314988
Cotton Fiber,4094.06,11.23,87.77542372881356,38.08,77.61,2.17,0.6856828149457208,0.2711497212896526,0.5882182926457625
Recycled Paperboard,7492.12,12.64,71.46,47.67,83.28,1.37,0.6179541125978287,0.32407476847737177,0.5830094832678506
Aluminum Packaging,11659.01,13.54,3.19,78.19,93.15652173913044,2.93,0.37790430391973917,0.33736506665336696,0.414793461916177
Starch-Based Packaging,2001.95,5.56,94.80654545454549,18.17,81.59,1.05,0.8735506109568291,0.24932395224771434,0.6533708566092289
Hemp Fiber,5559.77,17.63,93.26,28.6,70.53,2.11,0.7482095405200706,0.35802593055381937,0.6435565301799964
Cotton Fiber,4201.73,12.46,80.18,40.15,67.62,2.89,0.637421979298157,0.27444023385619787,0.5468532143669059
Molded Pulp,3864.86,19.87,96.39,31.0,92.12,1.19,0.7917727745518808,0.3285706583888057,0.6577611052689447
Recycled PET (rPET),10851.26,5.86,11.82,62.2,92.76,2.04,0.5180048169654128,0.32177049817386144,0.47936814104928216
Aluminum Packaging,11746.76,33.97,0.77,76.5,93.05,3.5,0.39251783640494825,0.4480989470617572,0.4174890344546335
Recycled PET (rPET),8143.62,3.59,15.78,60.17,78.53,2.72,0.49325220651350665,0.2595585399358017,0.4247434440667166
Hemp Fiber,5316.39,18.46,86.55,34.52,82.55,1.34,0.7319595177985356,0.3423248830659553,0.6279876388395847
Plywood (Lightweight),11703.21,73.46,64.07,53.14,51.96,3.71,0.47566035849532945,0.708483269983884,0.5498389488329325
Bamboo Fiber,6684.73,16.48,85.27,26.77,76.5,1.7,0.7822896995708153,0.3798998598239729,0.6637879589397885
Starch-Based Packaging,3979.26,5.19,95.01,26.02,68.24,1.52,0.7641368139358746,0.268292024252896,0.6278622158591809
Recycled Paperboard,4334.56,33.59,72.58,33.82,88.54,0.99,0.7561148245392577,0.40140188337537974,0.5994973596738064
PLA Bioplastic,7473.47,8.2,65.44,60.48,62.98819672131148,2.15,0.44388758940654993,0.2686048378303013,0.48157435779411895
Plywood (Lightweight),13286.64,43.12,67.88,51.24,70.13,4.0,0.5469590482201463,0.5904276923913411,0.6254359791401217
Recycled Paperboard,4332.51,14.68,80.91,44.79,83.21,1.15,0.6431922317596566,0.27678967952870326,0.5639415330882547
Cotton Fiber,3197.8,13.67,87.77542372881356,58.59,66.18,1.47,0.47016332744256495,0.21342993544795524,0.4738585630852418
Hemp Fiber,7122.08,22.13,91.14,28.13,81.75,1.12,0.7860225321888412,0.41440923061885604,0.6876393038624959
Recycled Paperboard,6234.75,5.04,72.54,25.49,90.96,1.07,0.83697997475385,0.3152667810314392,0.6651236614340149
PLA Bioplastic,7871.19,7.24,72.68790322580645,40.37,62.98819672131148,2.89,0.6215826159150074,0.3226396277179826,0.5783782498783782
Recycled PET (rPET),10378.05,20.92,19.27,69.99,78.38,2.47,0.4060311890936632,0.36951941683487516,0.4287224454703245
PHA Bioplastic,8484.09,11.0,93.14,44.8,56.46,3.27,0.5628538702347892,0.3433278737786544,0.5989525240547338
Recycled PET (rPET),9644.332592592593,11.9,13.65,55.77,92.95,1.25,0.575391277455188,0.3441146953220097,0.48913830794999297
Cotton Fiber,4126.29,19.96,82.62,59.92,70.66,1.42,0.47185124463519307,0.2613986004821454,0.4817870360306638
Recycled PET (rPET),9309.33,27.48,10.59,70.38,86.47,1.9603636363636363,0.42685508962383234,0.38015319636268935,0.4095552951682744
Mushroom Mycelium,3028.25,13.05,96.18,20.44,74.66,1.67,0.8327025448119161,0.30307939355990243,0.6495010383511381
Mushroom Mycelium,3025.59,1.53,95.0,24.5,72.62,2.88,0.7907077657157284,0.23375833556452624,0.6276424884143598
Mushroom Mycelium,2202.89,10.31,95.21,20.38732142857143,65.12,2.4,0.804548020701843,0.2721942878290805,0.6159424814710186
Cotton Fiber,3880.09,17.09,93.81,35.35,64.59,2.79,0.6707455112345366,0.30366012663809083,0.5812973202393042
Kraft Paper,4787.77,8.52,89.38,25.46,80.76,0.97,0.8066450593284524,0.30339977133076224,0.6562263951542553
Mushroom Mycelium,1835.27,6.7,95.09,20.38732142857143,63.53,2.54,0.799778020701843,0.24613690704026614,0.6068495709329504
PLA Bioplastic,8230.14,7.73,82.11,45.35,66.02,3.01,0.586673986367079,0.3199624399890792,0.5899867891898661
PHA Bioplastic,8205.98,8.63,98.42,56.36,67.86,2.88,0.49490794748800804,0.2962800092568332,0.5842558875198385
Starch-Based Packaging,2105.07,7.04,94.97,25.11618181818182,75.22,1.18,0.7930630892107134,0.2414911076601993,0.6162446907572078
Bamboo Fiber,4199.67,29.92,96.71,21.42,75.46,1.54,0.8264431153749052,0.4111306109654119,0.6665268914211644
Hemp Fiber,4050.24,28.47,96.22,29.03,71.31,1.15,0.7467499949507699,0.38141559281420717,0.6261215175461623
Cotton Fiber,4554.66,4.14,84.79,59.0,62.51,2.75,0.4555305049229992,0.19148958205432293,0.4799258472897767
Bagasse Fiber,4730.5,20.18,95.99,25.741525423728813,81.63,1.8,0.8067674577554889,0.3612443437719174,0.6692511201009833
Recycled Paperboard,4237.19,32.35,77.27,49.31,84.13,1.04,0.6060128225195656,0.35393981737379765,0.5399057690787079
Plywood (Lightweight),12678.77,58.82,59.33,57.47,63.03,3.84,0.4706098182277202,0.6426231622078291,0.5611447413172577
Bamboo Fiber,5404.5,17.38,91.79,33.32,77.67,1.77,0.7279229007826307,0.34163443674713107,0.634623088455757
Recycled Paperboard,6760.08,8.97,82.99,25.91,80.16,0.86,0.8008687907094167,0.34514794242342,0.6709623965300584
Mushroom Mycelium,2213.26,1.02,96.64,20.97,82.14,2.92,0.8504593839939408,0.22334439126338024,0.6507990890526695
Recycled PET (rPET),10808.84,7.55,8.17,60.3,70.6,1.47,0.46831350669022975,0.3343522912654479,0.4342806832309142
Aluminum Packaging,18733.61,10.07,3.51,61.37,94.2,4.85,0.5296588235294117,0.5076074744549043,0.5903834267497466
Bagasse Fiber,2921.37,8.42,95.16,19.33,81.09,1.29,0.861800674072204,0.27996347151605516,0.6628730390527933
Molded Pulp,3697.58,11.30653846153846,97.97,34.09,96.61,0.85,0.7779390633678364,0.27345773494414083,0.6556217414903021
Mushroom Mycelium,2340.94,5.95,98.44,18.61,65.25,2.84,0.8206427038626609,0.2571855582655769,0.6315303865526732
Starch-Based Packaging,1856.46,3.36,99.36,25.19,75.05851851851851,1.53,0.7919263760554291,0.21733730661614709,0.6205956180423913
Recycled Paperboard,4159.32,6.59,72.92,25.26,90.91,1.08,0.8388622898258016,0.28108747329498407,0.6346300833112642
Bamboo Fiber,6924.32,9.61,89.84,28.881,82.79,1.82,0.782506581671295,0.3443051246865032,0.6812208800638712
Recycled PET (rPET),10611.68,7.75,7.91,47.36,73.9,1.35,0.59255331986872,0.3639889682592735,0.4863205642616877
Bagasse Fiber,2375.29,24.63,97.15,34.67,88.05,1.42,0.7471340949255237,0.3130436903319308,0.614259615864208
Molded Pulp,2525.87,4.6,89.87,22.84,97.75,0.78,0.8807657788437263,0.24339526061862268,0.6662064351846513
PLA Bioplastic,7910.621499999999,11.55,73.17,61.44,73.63,3.25,0.46733029285533956,0.29233718373762546,0.5214451117774893
Molded Pulp,3785.69,5.62,93.9,31.52,91.54,0.99,0.785437975258773,0.2526269411827388,0.6484247703686816
Starch-Based Packaging,3908.72,10.68,95.92,23.41,84.43,2.2,0.8357691719262812,0.3015549574720504,0.6708596038332588
Starch-Based Packaging,3623.42,10.62,94.85,30.81,69.65,2.22,0.7260416435243625,0.27669557842948167,0.6067316325169834
Plywood (Lightweight),9891.19,69.05,62.4,62.34,57.74,2.92,0.41170775561726836,0.6253835352943713,0.49525478613214285
PHA Bioplastic,8600.99,7.95,82.86,39.53,57.2,2.13,0.6116403938399393,0.34341273180274934,0.6016108174403415
Starch-Based Packaging,2980.8583333333336,4.15,98.22,26.25,71.47,2.45,0.7717944988639232,0.2418420672325472,0.6244722234231711
Bamboo Fiber,5776.51,28.37,94.96,33.33,77.01,1.23,0.7258545392577631,0.4055642696618864,0.6453525880780522
Bagasse Fiber,4931.95,19.29,95.23,24.83,91.61,0.86,0.8447618353951022,0.3631308633132805,0.6942498436535429
Mushroom Mycelium,2178.35,12.53,95.48,14.05,75.45,2.75,0.8915355592022216,0.2990616417631976,0.6607633509967674
Molded Pulp,1995.52,10.0,88.74,29.59,92.99,0.93,0.8068417495581923,0.2431064578084767,0.6206785301014295
Kraft Paper,7149.81,4.25,80.2,31.09,89.23,0.78,0.7823075208280739,0.3159085352274077,0.6699138130151656
PHA Bioplastic,8876.09,3.89,97.22,58.98,53.47,2.15,0.4285872279727341,0.27916978284441885,0.5534917964997055
PHA Bioplastic,6657.76,6.99,84.01,53.85,62.48,3.74,0.5009466902297399,0.2623615932713622,0.5302591558587014
Plywood (Lightweight),11784.43,32.04,61.36,64.41,61.85,2.46,0.4057469199697046,0.46950928159167016,0.522767647930974
PHA Bioplastic,6429.01,2.71,83.62,35.86,61.17,3.5,0.6559790734662962,0.281146813829133,0.5914552522997426
Bagasse Fiber,4464.02,7.38,92.0,21.66,92.34,0.89,0.8749624387780863,0.3004922110900353,0.6940267710111191
Recycled PET (rPET),7519.67,7.49,5.34,58.91,94.31,1.58,0.5517257586468063,0.26988172147566664,0.4305439669528739
Cotton Fiber,5872.19,8.91,84.51,52.15,72.14,2.46,0.5449481494572077,0.2603269425900431,0.5448961039988883
Starch-Based Packaging,3847.59,4.36,91.13,33.26,72.37,1.39,0.7125530699318354,0.24305274292764312,0.59890458692111
Corrugated Cardboard,5579.03,8.86,79.56041666666668,31.1,89.1,0.69,0.7818291593032063,0.30718237561090783,0.6440970809318066
Starch-Based Packaging,1661.69,6.472678571428572,98.7,32.24,70.67,1.87,0.716465945468316,0.21147761151468483,0.5807938798586652
Kraft Paper,4876.69,13.45934426229508,93.5,26.08,79.42,0.89,0.7971466447866701,0.3289679955334178,0.6608196780115119
PLA Bioplastic,7099.04,13.17,72.55,64.25,61.57,1.83,0.40632070436758394,0.27684446547841796,0.4729191962306108
Recycled Paperboard,4302.61,27.88,79.28,26.63,83.58,0.89,0.8047667609189598,0.38964446677094655,0.6297270767046613
Recycled Paperboard,3524.85,32.4,78.55098360655738,28.59,92.05,1.25,0.8128579020449381,0.391850082706094,0.625783662943787
Recycled PET (rPET),10780.79,11.7,19.69,51.0,73.55,1.75,0.5593397248169654,0.3785143471991643,0.4980316022626582
PHA Bioplastic,7123.5371875,1.61,91.46,42.83,60.1,3.43,0.5911810906336784,0.2722044199841376,0.5893347334432147
Aluminum Packaging,17359.14,44.09,1.79,72.36,93.15652173913044,3.99,0.429419072917467,0.6258659688430208,0.5220253235818904
Molded Pulp,3166.58,3.96,95.29,34.72,92.47,0.87,0.7599522873011866,0.22330631294893594,0.6313963583404142
Recycled PET (rPET),8991.55,13.23,9.72,68.27,80.82109090909093,2.35,0.42855264409813876,0.30593998017107904,0.3996023888517832
Recycled Paperboard,5479.12,4.25,84.71,31.13,94.88,0.8,0.7989040747286039,0.28143425443771586,0.6643122968992292
Starch-Based Packaging,1928.69,6.81,94.33,31.64,82.46,2.08,0.7571376369603634,0.22021380272554492,0.6020164146113155
Bagasse Fiber,2772.25,5.8,94.81,25.87,82.88,1.6,0.8093822368088865,0.24696231698829324,0.6386847641132697
Hemp Fiber,7323.64,22.83,97.27,25.81983333333333,80.42,2.2,0.802445517125305,0.42797453579398675,0.7091114454722658
Hemp Fiber,6691.22,28.34,87.41,25.51,79.87603448275863,1.83,0.803551355152391,0.443972598721021,0.6796964088930324
Molded Pulp,3371.74,7.64,90.61,33.35,91.63,1.01,0.7695378162080282,0.24983852022185815,0.6286999041033479
PHA Bioplastic,5394.59,6.491803278688525,98.67,47.73,52.38,3.09,0.5247239434486242,0.2492711469082623,0.5430957694116129
Bagasse Fiber,2518.74,20.88,91.07,31.86,81.92,1.7,0.7535736834132795,0.30387817785728605,0.6026810160632684
Cotton Fiber,3092.22,18.21,87.26,43.31,64.32,1.48,0.5995997374400404,0.27309201352156504,0.5253415793175379
Plywood (Lightweight),12802.7,62.11,53.44,58.78,61.9,2.7,0.4556444584700833,0.6587201991621876,0.5440432313822098
Mushroom Mycelium,2663.31,13.97,97.42131147540982,11.82,76.91,1.65,0.9156201792476647,0.3220463004059142,0.6834983752139381
Aluminum Packaging,10530.94,28.11,2.620204081632653,79.12,98.26,4.89,0.38499711688967425,0.3864493047715801,0.4029307862165705
Molded Pulp,3213.65,8.13,85.93,24.03,90.2,1.33,0.8476007573844988,0.2726255850106185,0.6493242697541461
PLA Bioplastic,6229.01,9.55,62.82,45.56,73.44,1.76,0.6070783943448623,0.28758416970715067,0.5345301470144572
Plywood (Lightweight),9523.58,62.03,74.07,57.87,69.9,2.51,0.487685357233022,0.5931421269866607,0.5541955400142378
Cotton Fiber,5948.94,19.3,92.47,40.67,67.48,1.67,0.6324071800050493,0.3441160601572611,0.5961718143138142
Bamboo Fiber,6634.3,12.42,96.01,30.86,78.0,1.33,0.7506498359000252,0.3477374416414041,0.6720249280673012
Molded Pulp,2737.3730188679247,13.36,93.77,34.3,92.14764705882354,1.31,0.7626964125220903,0.26369175089900326,0.6226758336832796
Hemp Fiber,6394.13,16.89,85.35,33.47,77.04,2.3,0.7247074779096188,0.3591064543139695,0.6351715832680792
Bagasse Fiber,3338.92,20.32,95.7,18.65,82.51,1.15,0.8720692577631911,0.35123412816190175,0.6758124384279123
Recycled PET (rPET),7707.45,16.566981132075473,11.64,48.85,74.61,2.65,0.5815174526634688,0.3456437204491493,0.4447518656441667
Kraft Paper,7624.31,20.68,82.27,49.52,88.45,0.64,0.6171172304973491,0.3633124735387736,0.6100272735030413
Aluminum Packaging,17045.55,15.1,3.07,82.87,99.63,3.48,0.35597154506437756,0.4443660226816917,0.49289562007271553
Corrugated Cardboard,4949.77,22.03,74.64,49.69,87.96,1.19,0.6141450845746024,0.3147724539811608,0.5518565782329631
Bamboo Fiber,4406.58,29.07,99.56,37.8,76.68,1.89,0.6853669376420095,0.3696799398872584,0.6158361509362076
Recycled PET (rPET),9644.332592592593,16.566981132075473,18.09,59.66,93.89,1.94,0.5438386442817471,0.3582026578027013,0.48517695820372203
Starch-Based Packaging,2980.8583333333336,2.21,90.01,15.84,84.19,1.04,0.9019388462509467,0.2581847847529614,0.6728960046989592
Aluminum Packaging,13955.23,36.04,1.91,68.38,94.71,4.34,0.4692473945973239,0.524641078362664,0.48791966787154833
Mushroom Mycelium,1182.98,8.26396551724138,95.52,29.73,75.73,2.46,0.7538246882100479,0.2171419415074556,0.5866652051840501
Recycled PET (rPET),10356.12,16.566981132075473,12.878653846153847,61.1,88.89,2.3,0.5161145847008332,0.36921174792634004,0.4702730217059646
Aluminum Packaging,15631.39,27.254200000000004,3.22,63.68,94.95,2.61,0.511497311285029,0.5259833852061886,0.5346854670231405
Kraft Paper,6511.64,9.15,77.0,42.46,78.63,0.73,0.6500404670537743,0.2991762134777126,0.5894020253078645
Bamboo Fiber,3253.86,28.21,90.13,25.07,89.1,1.3,0.8351111587982831,0.37369613093200643,0.6522155903290712
Cotton Fiber,3723.53,4.8,81.06,38.54,64.09,1.98,0.6410581848018176,0.22942442504514504,0.5402731209575051
Recycled PET (rPET),9797.69,18.85,15.5,51.41,92.1,1.4,0.6113669022973997,0.39388174794642417,0.5100197817903097
Recycled Paperboard,5199.05,7.56,89.72,44.46,88.71,0.74,0.6626081620802827,0.2589758563781355,0.6072019686576189
Hemp Fiber,5839.46,29.15,85.16,27.58,86.62,2.48,0.8054924160565513,0.42537186042745045,0.6676971733517696
Bamboo Fiber,5321.81,17.43,88.58,36.47,83.93,1.13,0.7188690204493815,0.33223675724646645,0.627511245469213
Mushroom Mycelium,1376.04,7.23,95.03,14.45,66.84,2.75,0.8621710982075234,0.2543931807001949,0.6287473591186489
Corrugated Cardboard,4657.43,35.75,80.56,48.6,82.2,1.09,0.6064964907851552,0.38179647539978545,0.5518063414640859
Aluminum Packaging,10178.47,6.15,3.53,66.12,85.94,3.78,0.4629070992173693,0.2995174722091466,0.4239035035997086
Kraft Paper,4574.65,11.02,93.87,29.98,80.47,0.78,0.7658356500883615,0.3004110913671847,0.64423079643529
PHA Bioplastic,8195.78,9.14,88.71,42.29,56.8,2.87,0.586052612976521,0.33420418919605505,0.5958191080091922
Molded Pulp,1800.38,8.33,94.72,26.48,94.66,1.44,0.8393321837919717,0.23838781146562024,0.6447578762121298
Hemp Fiber,4178.48,32.95,90.56,33.13,70.8,1.93,0.7089917697551122,0.3966539406863577,0.6002215068705381
Plywood (Lightweight),8857.93,40.04,66.18,53.78,50.16,3.95,0.46460522090381207,0.4771188234621877,0.504135208150383
Hemp Fiber,7522.75,14.04,91.43945454545457,16.87,86.47,2.34,0.8996776091895986,0.40963523266420204,0.7465022517542726
Recycled Paperboard,5231.43,11.59,83.3,39.29,80.8,0.83,0.6845610704367583,0.2933398039125835,0.5986058655503032
Recycled PET (rPET),8193.47,25.94,12.7,70.76,75.98,2.36,0.3920273516788689,0.3483464473651966,0.3741423734547784
Recycled Paperboard,3806.72,12.9,87.05,33.62,86.87354838709678,0.82,0.7528827001978972,0.2850530094250979,0.6177487516349442
PHA Bioplastic,8310.96,11.85,84.81,50.75,58.27433333333333,3.89,0.5157217629386518,0.3290988922279745,0.5606991328094496
PLA Bioplastic,6578.72,5.12,72.68790322580645,69.5,59.94,1.83,0.35504090381216863,0.21164525698060488,0.4420250440562354
Plywood (Lightweight),13296.24,39.92,54.76,46.07,70.8,2.0,0.594651956576622,0.587284022687545,0.62023360769194
Plywood (Lightweight),8519.36,20.99,63.99,41.31,71.36,2.66,0.6383920424135319,0.40404271476444353,0.584148924909587
Plywood (Lightweight),10822.36,57.92,51.49,48.94,53.92,4.32,0.5186521989396617,0.6213531150984462,0.5308841552330792
Plywood (Lightweight),9875.07,13.02,60.35510204081632,57.55,63.68,4.2,0.4718529260287806,0.35010584880142137,0.5209311018080179
Kraft Paper,5854.9,13.54,83.17,35.313870967741934,76.93,0.52,0.7080847528727675,0.3261952188753093,0.6152834711199183
Molded Pulp,3184.09,17.28,98.76,37.13,91.86,1.22,0.7368271598081291,0.2858199519174198,0.6282677096792446
Starch-Based Packaging,3536.72,8.29,94.14,29.56,69.93,1.97,0.7379268341327947,0.26613107897291616,0.609265877320794
PHA Bioplastic,6703.11,3.61,83.85,53.49,57.04,2.73,0.48780770512496835,0.2468879259181577,0.521121879333018
Plywood (Lightweight),12621.11,17.04,55.04,48.54,56.83,2.66,0.53091665993436,0.44994477408703215,0.5730827747049907
Bagasse Fiber,2795.03,5.49,95.33,29.58,87.63,0.88,0.7908501110830597,0.2364765634102589,0.6355279390281406
Kraft Paper,7583.45,6.59,91.52,27.69,88.15,0.84,0.8091104392830093,0.3454017754961295,0.7099856641930927
Molded Pulp,3184.19,11.33,91.01,23.08,97.13,0.82,0.8767851022469073,0.2908112926682971,0.6764984450221315
PLA Bioplastic,7699.57,11.44,60.0,62.1,53.26,2.44,0.40038843221408726,0.2857651739830647,0.4485800575745691
Recycled Paperboard,6146.73,33.77,72.79,37.94,88.77,1.03,0.7203998762938651,0.42920675049482016,0.6127388138231921
Starch-Based Packaging,3766.27,6.75,99.06,29.77,75.93,1.93,0.7540712421105782,0.26243439872638324,0.6338635843902236
Bamboo Fiber,6145.74,13.34,98.73,29.49,76.56,1.16,0.7584353648068669,0.34585749339870586,0.6722401633179613
Corrugated Cardboard,3318.92,35.81,79.56041666666668,35.44,82.3,1.12,0.7230802575107296,0.3877888643456782,0.579186682227588
Cotton Fiber,3343.23,17.93,88.13,35.47,65.83,1.64,0.6734051729361272,0.296614926748398,0.5636662361952453
Starch-Based Packaging,3113.95,6.57,95.19,26.3,71.17,2.3,0.7704526912395858,0.25685164685128775,0.6196699059964889
Hemp Fiber,5559.3,8.43,93.04,30.72,87.41,1.7308620689655172,0.7801168972481696,0.3055329292945406,0.66884051751431
PLA Bioplastic,8339.35,2.92,84.18,45.18,65.68,2.27,0.5871561322898258,0.29799715163576473,0.5957803154337811
Corrugated Cardboard,6824.63,39.56,85.81,51.43,94.82,0.92,0.6193501792476648,0.43875890508994964,0.6102823991540245
Recycled PET (rPET),7500.01,3.01,17.32,70.88,80.48,2.08,0.4044670133804595,0.21630676933818863,0.38123752149888673
Recycled Paperboard,7297.0,27.74,71.44,46.64,81.0,0.69,0.6202153496591769,0.40001721967452025,0.5792991246690464
Cotton Fiber,5856.04,11.51,81.69,41.95,66.95,2.2,0.6195069048220145,0.29906541255464325,0.5672472962630928
Starch-Based Packaging,2980.8583333333336,6.472678571428572,97.65,30.16,65.63,1.33,0.7197251426407473,0.24386979068868894,0.5968441010894625
PLA Bioplastic,6282.31,4.19,65.53,55.43,71.55,2.471724137931034,0.5141955693006817,0.23630381409478024,0.49962164865621594
Starch-Based Packaging,2309.15,10.99,92.03,27.04,69.97,1.64,0.760313938399394,0.26106866862158307,0.5957219693784779
Recycled Paperboard,4791.26,24.99,88.34,38.59,88.63,1.37,0.7142363771774802,0.35469838077701343,0.6202156655441639
PLA Bioplastic,8987.89,13.22,64.28,60.42,69.86,3.01,0.4650331683918202,0.3256316764037005,0.516591236310018
Starch-Based Packaging,3746.81,2.95,96.61,25.11618181818182,77.81,2.38,0.8008330892107135,0.25431590868468534,0.6500415551380871
Kraft Paper,7112.55,23.12,89.14,28.11,88.85,0.46,0.807499255238576,0.41933537104331553,0.6977635825768473
Plywood (Lightweight),12348.21,40.74,58.03,59.74,50.13,3.69,0.4118517520828074,0.5374682909947104,0.5190447808416555
Recycled PET (rPET),10187.6,29.54,19.67,73.55,74.01,1.33,0.36146448624084826,0.4007732459218243,0.40436309916553315
Corrugated Cardboard,6821.5,15.07,87.09,35.82,87.69,1.03,0.7358925195657662,0.35264268201261373,0.6576507801955263
Starch-Based Packaging,3277.8,4.78,94.45,29.62,84.39,1.08,0.78077666498359,0.24267094400747202,0.6345840192056944
Kraft Paper,7315.9,15.46,91.37,42.24,77.13,0.61,0.6474844206008583,0.3486045440763523,0.628417118790816
Cotton Fiber,3156.72,3.39,87.45,34.01,78.6,1.97,0.724615955566776,0.22197584491935618,0.5904956592854296
Starch-Based Packaging,2134.79,6.57,94.4,18.16,67.89,1.13,0.8325389724816965,0.2572564702421395,0.6272445581776034
Bamboo Fiber,6312.71,3.0,99.57,23.95,81.75736842105263,1.51,0.8229797548465964,0.3103078417644795,0.7078727703852581
Recycled PET (rPET),7791.65,18.13,19.14,49.97,89.03,1.69,0.6148809618783135,0.35255577745766753,0.4856662983807757
Recycled PET (rPET),10872.38,24.18,7.11,47.73,84.62,2.03,0.6214439434486241,0.452588665640671,0.5087804332227448
Kraft Paper,5324.76,13.45934426229508,87.3,40.57,80.67,0.71,0.6728607952537238,0.3016050559142943,0.602947564805301
Cotton Fiber,3952.2,7.25,93.65,31.04,68.56,2.82,0.720739328452411,0.26561499479593953,0.6063513139945035
PLA Bioplastic,6830.08,5.74,73.92,56.62,56.73,1.88,0.45922054784145416,0.25251008653502094,0.49072618210056623
Aluminum Packaging,11956.74,12.63,3.16,80.21,88.31,3.17,0.34551571067912146,0.33372904882631327,0.4019849612101094
Bagasse Fiber,4427.68,23.4,90.35,16.73,93.72,0.88,0.922664670537743,0.39426056467891324,0.7115919120555176
PHA Bioplastic,8333.7,10.42,99.5,42.36,45.19,3.34,0.5506040823024488,0.34342245221363266,0.5960659943387436
Bagasse Fiber,3630.95,10.15,98.53,34.94,91.89,1.25,0.7562683337541025,0.26401605617416324,0.643055940954066
Hemp Fiber,6902.57,13.47,96.05,16.79,82.85,2.46,0.8895245013885382,0.3941573434983015,0.7392266185339276
Hemp Fiber,5115.52,14.69,91.43945454545457,30.02,88.79,1.33,0.7904422039888916,0.3302393640426235,0.6641988963633472
Recycled Paperboard,3820.55,14.54,79.0,37.21629032258064,87.22,1.17,0.7221446853596762,0.28465994301588077,0.5889184596838462
Bamboo Fiber,4029.57,22.29,96.58,36.39,83.46,1.44,0.7181659126483211,0.33074931936138924,0.6229516075987923
Plywood (Lightweight),11664.45,57.32,60.35510204081632,50.09,53.88,2.75,0.508370623579904,0.6327014591858158,0.5571929895165194
Mushroom Mycelium,2936.35,13.42,97.3,27.72,76.47,1.54,0.773805354708407,0.284704908979857,0.6263766248977064
Starch-Based Packaging,3294.45,2.12,91.65,16.68,66.74,1.85,0.8421664781620802,0.2620549751617253,0.6429375512114164
Plywood (Lightweight),11367.03,10.96,62.61,45.4,57.27,3.62,0.5599821787427417,0.4009226918433679,0.5816590094156027
Recycled PET (rPET),9027.73,17.64,15.48,45.49,70.82,1.31,0.5998369250189346,0.38678730148335494,0.47795727134659294
Hemp Fiber,4352.76,33.8,87.36,34.11,88.48,2.02,0.7533723403181014,0.4021200171647489,0.6281525433070461
Starch-Based Packaging,3738.32,10.41,96.42,25.61,66.63,2.44,0.7629296364554405,0.2911117451090578,0.6253000785695788
Mushroom Mycelium,1321.39,8.11,95.64,20.05,74.48,2.78,0.835608644281747,0.24363914732872732,0.6231986470427953
Recycled PET (rPET),11319.44,4.47,8.14,67.19,71.25,2.04,0.40938241605655135,0.31168424878019113,0.4173076536948032
Kraft Paper,5979.862698412697,17.29,85.33,30.38,84.84,0.89,0.7754111890936632,0.3604334305449468,0.656040681400681
Bagasse Fiber,2355.01,24.5,94.3,15.4,87.86,1.78,0.9168367533451147,0.3606097906687008,0.6808344001498778
PLA Bioplastic,9125.59,1.24,62.29,46.77,50.32,1.7,0.5270266498359,0.3015528029519773,0.5273431575386078
Mushroom Mycelium,2939.98,6.61,99.32,23.42,70.0,2.65,0.7923908104014137,0.26074814313172073,0.6338208540796498
Mushroom Mycelium,3098.15,3.88,99.71,20.38732142857143,74.73,1.75,0.833378020701843,0.2576730720166295,0.6579869108415414
Starch-Based Packaging,2098.97,9.76,91.0,17.48,75.05851851851851,1.35,0.8600531117282391,0.27457844972260814,0.6367964853999342
Mushroom Mycelium,1166.11,10.63,99.62,27.7,83.91,2.41,0.7963020777581418,0.23404089961051322,0.6186613713063883
Aluminum Packaging,14906.820204081634,15.78,4.93,63.22,92.34,4.37,0.5077319414289321,0.4534554212504601,0.523450574094106
PLA Bioplastic,8654.05,5.47,64.19,43.6,62.01,2.471724137931034,0.5901072532188841,0.32152430369435203,0.5592556783765391
Aluminum Packaging,17990.08,43.9,2.3,69.62,88.63,4.72,0.44005056551375904,0.6447912092651632,0.5341054379648165
Molded Pulp,2702.16,13.17,87.55,24.56,86.29,1.38,0.8311875965665236,0.2865836566934511,0.6348481028816324
PHA Bioplastic,8798.09,7.55,83.47,61.72,63.02,2.78,0.4330261701590507,0.28939754147133867,0.5334817483410347
Kraft Paper,5016.43,13.36,93.41,47.49,79.57,0.78,0.608414620045443,0.2772821069592877,0.5820177598886486
Mushroom Mycelium,1239.37,2.72,98.5,20.38732142857143,60.54,2.52,0.790808020701843,0.21348733065859066,0.5985019071047025
Hemp Fiber,7019.05,17.9,89.76,32.61,79.87603448275863,1.31,0.740814672496496,0.379309102172653,0.6625730922382173
Bamboo Fiber,5936.9,18.8,87.43,29.68,82.59,0.96,0.7748464958343853,0.36905238884743735,0.6577332062848784
Molded Pulp,1876.82,3.24,91.54980769230768,28.15,85.96,1.14,0.7984758091391062,0.2096685851076005,0.6158658741961812
Molded Pulp,3053.02,14.82,85.9,29.6116,92.52,1.48,0.8052408886644786,0.28950188330300825,0.6302884783659064
Mushroom Mycelium,1333.49,3.63,99.82,17.61,82.31,1.57,0.8806588563494067,0.22709733741440508,0.6566546559309613
Cotton Fiber,4354.987258064515,5.79,83.48,35.11,73.17,2.95,0.6986061878313556,0.25614737401034293,0.5860114436384042
Starch-Based Packaging,3231.83,1.56,98.62,19.35,82.67,1.35,0.866363951022469,0.25115703728756306,0.6776755465061148
PLA Bioplastic,7295.05,14.32,72.09,52.85,74.68,2.97,0.5463828427164856,0.31554924064095063,0.5444136776237389
Mushroom Mycelium,2116.19,8.37,99.19,15.14,67.37,2.87,0.8576641529916688,0.2737194368154425,0.6469446020720108
Mushroom Mycelium,3040.68,4.2,95.61,20.9,76.25,2.74,0.8334079146680131,0.2568356945973327,0.6499896026401721
Recycled Paperboard,7400.84,20.11,73.68,25.68,85.33,0.91,0.8184111057813683,0.41598147172917765,0.6734202809428522
Corrugated Cardboard,5641.91,37.52,77.35,43.19,87.56,0.51,0.6703800757384498,0.42477726349469686,0.5917777708925349
Molded Pulp,2311.8,19.5,85.72,25.57,94.26,0.88,0.8461730825549103,0.308430686066441,0.6372757396018731
Hemp Fiber,4804.55,11.52,99.62,22.21,72.42,2.21,0.8103425549103761,0.3273188594715275,0.6726153737769252
Mushroom Mycelium,3476.97,14.52,95.23,15.23,76.07,1.99,0.8829688992678615,0.3329954803734567,0.6770728909787862
Hemp Fiber,6500.54,33.34,95.48,21.55,88.08,1.59,0.8631544155516284,0.4756617185206744,0.7243159942931436
Recycled Paperboard,3701.97,16.03,83.1,36.26,89.03,1.16,0.7360246124715981,0.29226770278923253,0.602539110572643
Plywood (Lightweight),11680.39,68.77,60.04,63.07,55.49,2.39,0.3985073643019439,0.6589176979427581,0.5108738033626483
PHA Bioplastic,7092.53,9.35,82.27,56.6,48.22,2.94,0.43386727089118904,0.2764541593015658,0.49455010678540795
Plywood (Lightweight),8328.91,36.57,55.62,48.41,71.39,3.33,0.575745359757637,0.46201514446971637,0.5376245577281328
Mushroom Mycelium,1663.26,2.9,97.92,25.03,67.79,1.67,0.771534604897753,0.2114097306902385,0.6008000994046176
Plywood (Lightweight),13221.25,40.73,70.1,50.96,58.61,2.26,0.5148731709164351,0.5775453779136334,0.6068921911536241
Mushroom Mycelium,2891.39,8.26396551724138,98.42,16.62,82.79,1.99,0.8908466473112849,0.2853890033208828,0.6826001655201139
Hemp Fiber,6002.78,4.9,91.43945454545457,31.47,73.49,2.35,0.7317297828831102,0.29467974724095414,0.641798931347156
Recycled Paperboard,5750.68,25.06,77.23,49.8,86.87354838709678,1.3,0.6099137529623506,0.34649545899958223,0.5668114465707824
Kraft Paper,5932.81,24.63,78.16,28.43,89.03,0.68,0.8052116864428174,0.4019908119380674,0.6567233312446805
Plywood (Lightweight),10765.35,18.82,57.34,55.03,59.27,3.14,0.4808900302953799,0.4044978912336122,0.5293549752987255
Recycled PET (rPET),7856.83,23.43,10.38,68.04,85.66,1.45,0.4451016864428174,0.3354286574326119,0.3939630908950647
Aluminum Packaging,17895.31,41.55,2.620204081632653,61.45,98.81,3.08,0.542781931330472,0.6514285518735949,0.5845833375181002
Aluminum Packaging,12935.16,15.66,2.82,64.62,86.81,4.41,0.4787713279474879,0.4087406552888229,0.4724400723388019
Starch-Based Packaging,3799.71,10.24,95.79,33.16,79.01,1.37,0.73335668518051,0.2724430572206302,0.621154718940431
Bagasse Fiber,3666.67,17.45,90.61,29.94,94.3,1.67,0.8076790961878313,0.31477158653941295,0.6515042960385911
Aluminum Packaging,10532.75,46.59,0.88,74.19836734693877,89.79,4.51,0.4030754134958705,0.49358390302439226,0.4011723164186753
Plywood (Lightweight),10403.37,17.68,51.96,58.23,68.57,4.45,0.48051434233779344,0.3831314700973868,0.5194793573725276
PHA Bioplastic,7542.11,9.41,84.88,39.54,57.35,3.47,0.6120020323150719,0.32908126707224805,0.5895781020262362
Recycled PET (rPET),11637.34,21.8,11.03,74.44,72.74,2.0,0.3497903105276445,0.38870210133321553,0.40352426079047604
Recycled Paperboard,5565.32,26.24,78.55098360655738,39.08,89.9,1.19,0.713716662458975,0.3757907593787446,0.6132447947524539
Cotton Fiber,4961.95,18.37,83.13,41.36,66.27,2.48,0.6226802347891947,0.31730309201157086,0.5572082875130371
PHA Bioplastic,8393.57,1.02,85.3,50.20177419354839,55.67,3.38,0.5127529697616273,0.276701037801875,0.5598223668623101
PLA Bioplastic,9426.74,8.37,66.84,68.4,53.64,2.38,0.3458606715475889,0.2896679737840852,0.4658290104015509
PHA Bioplastic,8159.28,7.63,84.58,37.51,64.56,3.73,0.6515694218631658,0.33778523077683636,0.6206082797538747
Corrugated Cardboard,6244.87,19.31,75.45,34.67,91.21,0.85,0.7566140949255238,0.3654035355935472,0.636842281009083
Hemp Fiber,5171.53,33.23,90.0,24.1,74.99,1.36,0.8013522267104266,0.4413169601943159,0.6569996735345363
Corrugated Cardboard,3804.66,25.23,72.7,39.08,88.46510638297873,0.95,0.7094119816079112,0.33439221207099956,0.5714918787314821
Starch-Based Packaging,3429.61,10.03,90.3,24.2,83.4,1.26,0.8256986114617522,0.2863732352926809,0.6471625387226887
Mushroom Mycelium,1155.87,3.22,98.39,11.37,73.02,2.44,0.9079264478667002,0.2370961159769203,0.6561010959477633
Mushroom Mycelium,3217.87,1.08,99.49,17.41,61.33,2.85,0.8194860868467558,0.25330855660065776,0.6438686792132262
Starch-Based Packaging,2425.88,4.76,90.98,33.95,80.31,1.39,0.7302761247159807,0.21410923475231977,0.589933251919776
Bagasse Fiber,4956.79,5.36,90.98,25.741525423728813,85.41,1.75,0.8181074577554889,0.28997797353441934,0.6702719066459643
Kraft Paper,6395.95,13.45934426229508,92.32,35.5,75.69,0.76,0.7027200883615248,0.3364438504947826,0.6387675654255454
Bagasse Fiber,4883.91,22.53,97.56,27.8,80.06,0.78,0.7838684625094672,0.3712427275141468,0.6638265230531339
Bamboo Fiber,5193.43,6.63,88.65,33.32,82.29,1.84,0.7417829007826306,0.28222009554399996,0.6343192079298474
Corrugated Cardboard,5822.78,37.05,82.46,30.5,88.15,0.79,0.7842808507952537,0.4581281166009943,0.6540360284924681
Recycled Paperboard,7381.92,28.81,73.48,37.6,88.33,1.34,0.7220841681393586,0.43006846713517044,0.6335877748483083
Corrugated Cardboard,5933.63,38.15,70.75,39.62,87.97,0.52,0.7031551401161322,0.44301953614769785,0.5974040017827625
Recycled Paperboard,4101.62,16.88,71.07,41.13,81.75,0.97,0.6711525498611461,0.29254985947597756,0.5516171955218334
Corrugated Cardboard,5624.16,27.77,85.04,52.36,88.46,1.02,0.5920525574349911,0.3513125794615766,0.573974732730385
Aluminum Packaging,16138.97,24.52,2.81,78.29,90.81,3.45,0.3699811234536733,0.4855346969234039,0.47808995809511506
Bamboo Fiber,4862.77,5.67,98.13,26.17,76.8,1.96,0.7884913910628628,0.2885499581968627,0.6642942563937144
PLA Bioplastic,8015.48,4.06,74.79,54.54316666666667,52.07,2.94,0.463591763864344,0.27353552238221224,0.5093044965599415
Recycled PET (rPET),8607.51,28.25,15.4,65.22,84.18,2.6,0.4655796364554406,0.3826854186992275,0.42331681151068035
Bagasse Fiber,2337.18,17.11,96.33,31.77,88.91,1.28,0.7753389371370865,0.2810563966523666,0.6247318198576638
Corrugated Cardboard,5864.69,10.57,83.87,44.1,86.38,0.95,0.6587991769755113,0.28899988433526635,0.6024636900264448
Molded Pulp,2218.57,12.35,95.46,32.21,97.7,0.9,0.7978210300429183,0.2531200010859735,0.6370734185526296
Cotton Fiber,5388.47,19.14,90.31,41.82,73.13,1.36,0.6391956046452916,0.32886179651138125,0.5901436330105749
Aluminum Packaging,19039.93,36.49,4.81,85.49,87.0,3.51,0.29493082554910377,0.5883644444474745,0.49197246162034075
Plywood (Lightweight),10011.23,74.23,57.13,58.57,63.82,3.16,0.4632600504922999,0.6639079594076129,0.5129921824169962
Recycled PET (rPET),8702.5,21.94,18.34,71.51,70.61,1.41,0.3692902373138095,0.3364341245338074,0.3797093095187132
Recycled Paperboard,4924.23,24.16,84.18,25.97,84.08,1.029516129032258,0.812098621560212,0.3850427390259613,0.6526292899769914
Bagasse Fiber,2536.78,22.15,90.69,20.55,81.39,1.24,0.8519205680383741,0.3393088815817672,0.6439686429856564
Plywood (Lightweight),11097.72,15.41,54.9,52.43,60.36,4.48,0.5071340267609189,0.4004309117842278,0.5416243127643118
Bamboo Fiber,5552.06,26.13,98.46,20.36,77.61,1.92,0.8422594370108558,0.422215212149502,0.6992132531758031
Bagasse Fiber,3693.35,16.59,91.08,29.47,88.21,1.6,0.7935620878566019,0.3121013405089024,0.6424568767192144
Aluminum Packaging,18231.51,13.43,3.51,70.92,90.66,3.44,0.4346535672809896,0.49038015427820036,0.5393905456412688
Hemp Fiber,6629.81,8.93,95.61,22.78,72.0,1.0,0.804045947992931,0.35016485379229456,0.6897530968589463
Bagasse Fiber,4076.02,23.16,94.95833333333331,29.4,82.43,0.7,0.7768406185306741,0.353809022159143,0.6448320484761637
Bagasse Fiber,2281.38,3.07,93.5,23.85,85.66,1.2606666666666666,0.835571264832113,0.22797707134216638,0.641696978227525
Kraft Paper,6152.88,6.34,80.38,28.55,85.34,0.95,0.793081348144408,0.31251687634031156,0.656729631443873
Corrugated Cardboard,5756.79,30.79,84.56,45.01,93.34,0.95,0.6716382782125726,0.38806858207036826,0.6126541340841668
Bamboo Fiber,5118.850689655172,29.39,92.58,39.25,80.33,1.73,0.6835045165362281,0.3823130713226541,0.6146605995974501
Kraft Paper,7105.97,7.8,92.42,41.84,85.06,0.89,0.6748088815955566,0.3060534216194054,0.6446548264497843
Hemp Fiber,6807.19,10.04,91.43945454545457,20.86,78.36,1.4,0.8400913607674829,0.36434806133793024,0.7041308153424176
Bagasse Fiber,3854.54,18.83,96.71,23.36,90.52,1.2606666666666666,0.8544809795506185,0.34231852121452655,0.6839746527311332
Plywood (Lightweight),12931.68,15.35,68.52,63.65,61.49,3.5,0.4113823958596314,0.4095298184776355,0.5569643873748162
Starch-Based Packaging,3070.25,11.4,97.36,25.02,75.05851851851851,1.23,0.793428521978176,0.2839279091004948,0.6359646600297164
Bamboo Fiber,3727.86,13.17,96.3,28.13,78.5,1.62,0.7762725321888413,0.2986738522844221,0.6390953641208184
Kraft Paper,4169.3,13.34,86.16,48.74,83.49,0.86,0.6091294294370109,0.256594762843725,0.5575363019410011
Kraft Paper,4959.01,14.12,85.97050847457626,31.01,83.91,0.44,0.7670544130270132,0.3215998277634701,0.6373248419221673
PHA Bioplastic,7082.8,5.98,90.36,58.3,61.38,2.95,0.4583258116637212,0.254697781496503,0.5304800151075199
Mushroom Mycelium,3298.54,3.3,98.52,29.21,68.25,2.82,0.7359794875031557,0.23655078015971337,0.6123256547012932
Aluminum Packaging,12507.46,9.06,1.79,74.45,97.59,3.6,0.424251949002777,0.3413125815119263,0.44811263100858084
Cotton Fiber,5661.36,16.38,84.69,36.27,75.33,2.72,0.6948362509467305,0.33434858929592026,0.6085195681020605
Bagasse Fiber,3443.75,18.66,98.69,30.68,87.92,1.31,0.7820003433476395,0.3145157164531454,0.6486799498572724
Recycled Paperboard,5053.47,24.12,86.06,47.4,92.68,0.96,0.6485398737692502,0.3333943456201475,0.5944339494751966
Bagasse Fiber,2324.49,22.34,94.28,26.27,88.06,1.4,0.8213877758141883,0.32147372390769224,0.6395595626019098
Bagasse Fiber,3558.87,23.07,98.28,27.21,82.98,1.11,0.7978417924766473,0.34823685832464996,0.6528960539591873
PLA Bioplastic,6836.62,10.43,83.03,57.08,52.47,2.32,0.442375917697551,0.2755099589770996,0.4988051788207125
Bamboo Fiber,5225.95,17.082833333333333,85.33,23.08,75.82,1.54,0.8128551022469073,0.3622905808024514,0.6540117896816826
Kraft Paper,5339.21,16.94,79.01,31.05,78.12,0.5,0.7493309669275435,0.3437679176413807,0.6175237829663309
Bagasse Fiber,3039.47,5.91,96.55,15.47,93.49,1.72,0.9331082226710427,0.2792797050117042,0.7068959908741039
Corrugated Cardboard,6978.62,11.79,87.0,44.27,87.52,1.16,0.6607170310527644,0.31773904240168693,0.6275555637471844
Cotton Fiber,4059.78,2.76,92.32,55.45,62.84,2.79,0.48788884625094664,0.1832004779705407,0.5014696449953849
Hemp Fiber,5331.94,22.0,91.3,19.49,71.78,1.37,0.8324568896743246,0.3987250229018022,0.6731154933427106
Bamboo Fiber,5118.850689655172,5.3,86.46,35.52,83.3,1.4255932203389825,0.7253733653117899,0.26831800001262723,0.6224723416745529
Cotton Fiber,4367.64,2.96,90.63,46.06,60.74,2.77,0.5645603181014895,0.2142652104338504,0.5341956307364433
Recycled PET (rPET),9838.82,13.21,10.56,57.5,79.42,1.9603636363636363,0.5195147336531178,0.35045962142138903,0.45234120990057847
Kraft Paper,7837.3,7.85,89.14,29.92,87.06,0.88,0.7861358192375663,0.35144959101755874,0.6985126769624656
Bagasse Fiber,2728.07,16.74,91.35,30.44,83.59,1.2606666666666666,0.7711310199444583,0.29056093534841376,0.6151891781260093
Mushroom Mycelium,3015.73,14.25,95.56,28.64,70.07,2.88,0.7464760944206008,0.28826750119675565,0.6078337156123104
Kraft Paper,4156.89,3.87,92.53,29.29,83.23,0.52,0.780212595304216,0.25692885305421415,0.6432344784852233
Plywood (Lightweight),13755.22,44.488653846153845,50.47,45.89,56.97,2.86,0.5547524640242362,0.6205866397653901,0.591748203407116
Recycled PET (rPET),7494.79,7.26,14.04,63.26,84.17,2.39,0.4828684953294623,0.2572094786878152,0.4108260985304185
PHA Bioplastic,7443.93,7.25,86.6,55.32,66.64,2.35,0.5004375460742236,0.27615728277549145,0.5503292638183395
Recycled PET (rPET),11130.62,3.94,18.82,55.75,70.25,2.62,0.507468000504923,0.3339658389377984,0.47709993780539806
Bamboo Fiber,3687.96,18.4,98.84,31.23,80.6,1.85,0.7551804594799292,0.31681966356112484,0.6360258122755549
Kraft Paper,4919.57,19.08,85.97050847457626,37.93,82.24,0.77,0.7008982378187326,0.3287278772165376,0.6071707501324418
Mushroom Mycelium,3352.04,2.88,97.14,28.11,72.59,2.0,0.7587192552385761,0.23827694296724597,0.6232337743437375
Recycled Paperboard,6761.81,5.49,70.59,47.34,86.87354838709678,0.78,0.6316506880797452,0.27325316776070935,0.5784351293788834
PHA Bioplastic,5154.86,11.09,93.45,57.23,61.63,3.37,0.46853049482453935,0.24391136045242512,0.5114692993285637
PHA Bioplastic,7863.64,9.09,80.43,41.68,67.72,2.47,0.624202665993436,0.3286545050388228,0.5982657308481076
Recycled Paperboard,4724.91,20.54,77.79,32.0,83.81,1.32,0.7580066220651349,0.34717335689801243,0.613384420055237
Hemp Fiber,7142.05,21.0,86.47,23.53,80.65,1.67,0.8233688336278717,0.4206443941723942,0.6938170137704116
Kraft Paper,7540.17,7.75,86.87,34.15,81.4,0.73,0.7317788942186316,0.33414492937720763,0.6620440614687423
Cotton Fiber,4064.13,2.27,83.46,37.54,60.41,2.99,0.6388543372885634,0.22599558490534727,0.5467610370945403
Hemp Fiber,6167.551694915255,25.76,86.76,31.01,79.85,1.39,0.7548744130270133,0.406095888386532,0.6494342485786029
Aluminum Packaging,11875.19,38.95,2.75,89.33,97.66,4.39,0.29297999999999996,0.44386279054595557,0.38406894875212305
Aluminum Packaging,13852.62,47.19,3.49,87.86,88.31,2.55,0.2779191441555163,0.5304713497905794,0.40293054994611416
Mushroom Mycelium,2846.37,8.26396551724138,99.19,11.98,60.22,2.41,0.8641363948497853,0.2961769614073986,0.6558784901372742
Starch-Based Packaging,2956.49,6.472678571428572,94.80654545454549,28.43,66.58,2.36,0.7378616864428174,0.24773601295563297,0.5992262841676103
Recycled PET (rPET),9644.332592592593,12.92,13.37,69.3,83.83,1.93,0.42847813430951776,0.3151820642593124,0.4191006299235024
PLA Bioplastic,7177.55,7.47,79.62,43.32,50.86,2.47,0.5591313759151729,0.3020991268592594,0.546126522051636
Recycled Paperboard,6639.12,27.51,82.92,43.22,81.21,0.83,0.6510649911638475,0.39393769633765596,0.6055041124602716
PLA Bioplastic,7145.31,12.22,66.16,58.77,62.98819672131148,1.91,0.4589974101588852,0.286764525764048,0.4844278315000795
PLA Bioplastic,8993.16,8.73,79.73,68.32,70.63,1.72,0.3975375637465287,0.2827935953739793,0.5192298960005838
Bagasse Fiber,4494.11,20.48,94.0,27.72,86.88,1.24,0.8050353547084069,0.3529227809784993,0.6646267363117299
Starch-Based Packaging,3276.65,5.82,90.82,17.49,74.38,1.28,0.8579291946478161,0.2785987323059703,0.6532136489239986
Corrugated Cardboard,5487.63,19.65,72.77,43.366666666666674,83.03,0.62,0.655229022132458,0.3296099122797267,0.5704980072591593
Cotton Fiber,4911.55,10.38,88.29,49.85,66.14,2.03,0.547271300176723,0.25389978835369276,0.5343509710690781
PLA Bioplastic,7355.2,8.421694915254237,76.79,53.01,69.14,3.3,0.5283490583186063,0.28616612019926274,0.5430662800308836
PHA Bioplastic,5104.74,3.71,83.04,56.29,65.71,2.95,0.4890764781620803,0.20744593701600772,0.501572690890524
Starch-Based Packaging,3646.21,3.85,90.1,20.14,81.92,1.03,0.8571333905579398,0.2694197319450227,0.6625193004400611
PHA Bioplastic,6685.3,8.64,96.66,61.63,69.12,3.9,0.4521214238828578,0.2517395739872116,0.5398297219000522
Molded Pulp,2964.95,7.52,85.27,24.6,96.5,0.93,0.8614641504670537,0.2629447232359102,0.654606646913275
Recycled Paperboard,6851.31,34.6,78.55098360655738,41.2,88.12,0.92,0.689644019187074,0.43972480306182293,0.6215002880314395
Starch-Based Packaging,3978.48,9.11,94.71,32.35,80.66,1.34,0.745463968694774,0.2723771305771474,0.6281182997712123
PHA Bioplastic,7615.14,3.49,94.24,53.13,62.18,3.51,0.5064087200201969,0.26594642237741767,0.5676413464716996
Mushroom Mycelium,3407.13,9.65,95.4,25.77,77.24,1.7,0.7933458520575611,0.2800003579185343,0.6387614198732355
Cotton Fiber,4443.8,2.44,94.72,44.37016393442623,73.24,2.93,0.6169919672545018,0.21743440103052603,0.5749591215165386
PLA Bioplastic,9214.54,9.69,72.39,42.21,66.22,3.48,0.6150195051754607,0.35818406675341846,0.5980063323259812
PHA Bioplastic,7602.56,3.62,86.98,62.73,66.91,2.16,0.4357716561474375,0.24211727718384385,0.5260167823103197
Hemp Fiber,5079.79,3.57,93.81,28.87,84.08,2.37,0.7864737793486491,0.2754403380298234,0.6633288289761747
Recycled Paperboard,3577.56,17.4,89.12,29.59,89.73,1.39,0.7970617495581922,0.31356567736481156,0.639331404640113
Recycled Paperboard,3723.96,17.38,89.28,46.41,82.31,0.89,0.6261776647311285,0.2740112732902939,0.5633747800569182
Hemp Fiber,6784.72,32.41,87.53,31.64,82.75,2.48,0.7580076369603634,0.45127081673931546,0.663913542909817
Hemp Fiber,7740.16,10.2,98.25,29.13,72.47,1.53,0.7493463797020954,0.3634843826885536,0.6890654683517734
Aluminum Packaging,10175.38,15.25,4.46,66.34,96.45,4.21,0.4924931456702852,0.34551733474699764,0.44590474793753776
Recycled Paperboard,7461.37,9.05,73.02,33.93,86.66,0.85,0.7495028477657157,0.3397389250094308,0.6444507390641951
Bamboo Fiber,4418.68,16.49,90.67,21.06,83.47,1.73,0.8536541302701337,0.34774422277943895,0.6751963658289135
Plywood (Lightweight),11520.53,20.96,67.52,40.78,65.38,2.11,0.6251352032315071,0.4669740781111905,0.6275740228260918
Plywood (Lightweight),9266.82,31.73,69.57,40.77,63.01,3.2235849056603785,0.6181135647563746,0.4758049734096814,0.592200008632993
Starch-Based Packaging,1816.96,6.95,92.15,29.28,71.32,1.5,0.7445709568290835,0.22459033942686718,0.5825846745631292
Plywood (Lightweight),10309.65,70.64,60.09,54.9,55.37,3.81,0.47033873011865684,0.6609216889871057,0.5205215466317475
Molded Pulp,3241.76,15.52,89.33,32.04,95.57,1.48,0.7929331759656653,0.2908403693397129,0.6369722667302448
Cotton Fiber,3743.8,19.1,91.84,39.03,63.14,2.58,0.6338784700833122,0.30186260170889756,0.5584140520195555
Starch-Based Packaging,3614.6,5.54,91.61,25.11618181818182,84.24,1.02,0.8201230892107134,0.26486422160717754,0.6508504457494184
Hemp Fiber,7790.55,29.24,93.34,23.51,70.54,1.57,0.7932155566776066,0.47625044212156387,0.6974347135353663
Recycled Paperboard,7153.08,21.83,74.33,39.46,89.95,1.4,0.7105089245140116,0.3849062611169775,0.6279548020151953
Corrugated Cardboard,5396.47,34.99,79.36,52.37,80.73,0.64,0.5687741959101237,0.38359047328374746,0.5435909300352801
Starch-Based Packaging,2836.88,7.26,91.54,17.77,75.61,2.27,0.8591450719515273,0.2762209243953634,0.6492689227009115
Recycled PET (rPET),11892.25,5.57,15.09,52.32,75.41,1.62,0.5532560035344609,0.36664569094637356,0.5046933764759981
Kraft Paper,5703.31,13.45934426229508,91.31,35.0,81.53,0.43,0.7246581646048977,0.32345556699579625,0.639630858977994
Bamboo Fiber,4994.7,27.62,94.17,38.75,82.14,1.06,0.693352592779601,0.3719534409295926,0.621441826491386
Recycled Paperboard,6592.58,27.22,86.69,34.34,90.17,1.3,0.7564100252461499,0.41391309331719417,0.6638821410064298
Starch-Based Packaging,2899.12,6.55,97.41,19.98,66.32,1.72,0.8117471749558192,0.2682847753087182,0.635033161062223
Hemp Fiber,5759.84,33.44,90.34,21.26,89.7,1.27,0.8705768997727846,0.46166675955210545,0.7069333370644201
Plywood (Lightweight),8010.59,44.68,52.14,47.97,71.41,3.56,0.5796932668518051,0.49812389143418295,0.5274512281087033
Starch-Based Packaging,2762.19,4.79,94.18,25.11618181818182,68.29,1.19,0.7722730892107135,0.24348425977471738,0.6109427944373877
PHA Bioplastic,6507.48,4.36,85.15,39.03,55.92,3.68,0.6122184700833122,0.2832111193533763,0.5732249273567617
Bamboo Fiber,5474.2,18.86,92.89266666666666,33.37,75.25,1.4255932203389825,0.7202210931582933,0.3505242027098827,0.6328770263270185
Kraft Paper,5427.43,16.75,90.17,42.36,85.44,0.8,0.6713540823024489,0.316056227123685,0.6130395679014257
Bamboo Fiber,3049.97,9.38,87.38,34.52,75.88,0.87,0.7119495177985355,0.24917845894703416,0.5813369438431729
Mushroom Mycelium,1342.46,14.09,99.56,28.32,63.36,2.331016949152542,0.7291736632163595,0.25382932795133095,0.5778145570663534
Mushroom Mycelium,2275.6799999999994,4.93,99.45,22.1,84.84,2.47,0.8485745316839182,0.24180656253556912,0.6585092418265205
Corrugated Cardboard,4345.16,19.1,79.56041666666668,45.0,94.37,0.96,0.6748166397374401,0.2991632180407278,0.5829593391235683
Cotton Fiber,3187.29,2.7,93.72,33.17,72.56,2.36,0.7139183236556425,0.22119064214784828,0.5946222008937023
Bagasse Fiber,4405.24,23.56,93.68,26.74,83.75,1.01,0.8043047841454177,0.3693471531518042,0.6600658862952298
Aluminum Packaging,15008.15,15.06,4.11,75.14,94.43,2.82,0.40867500378692245,0.4217582766732977,0.482412245051127
Aluminum Packaging,10353.12,25.95,2.75,66.56,85.76,4.69,0.45847919212320115,0.40343437131347054,0.4230105174173915
PLA Bioplastic,7629.49,9.64,66.86,67.66,58.84,1.69,0.3679994243877809,0.2610651553909586,0.4513384913223198
PLA Bioplastic,7503.58,11.41,61.53,67.77,56.34,1.81,0.3595274476142388,0.26726455915309233,0.4333073072808136
Bagasse Fiber,2957.92,20.75,91.01,27.89,94.4,1.48,0.8260932087856602,0.32227074183400717,0.6493318357565918
Bamboo Fiber,3294.54,19.27,89.63,27.05,75.55,1.69,0.7769655768745265,0.3237351758963921,0.6172441048175532
Molded Pulp,2933.19,6.84,87.28,25.69,93.99,1.27,0.8443027442565008,0.25605584620493566,0.648993248168229
Kraft Paper,4304.84,8.85,76.03,31.06,85.67,0.91,0.7718926054026762,0.2810165489536197,0.6106582627168579
Recycled PET (rPET),10586.89,26.8,14.5,70.11,87.42,2.57,0.4320908507952537,0.4036361530323996,0.4400200635979429
Recycled PET (rPET),8660.17,14.66,11.53,55.54,82.32,1.45,0.5455335925271396,0.33858623345767225,0.44931828030581566
Cotton Fiber,3577.7,10.394833333333334,85.95,39.39,63.71,1.33,0.6324074551880838,0.25294020648856924,0.5438347428186222
Bagasse Fiber,4797.44,3.94,94.95833333333331,30.99,88.36,1.33,0.7805811360767483,0.2661744892381315,0.6618028814679947
Corrugated Cardboard,5785.48,24.99941176470588,73.57,42.3,88.46510638297873,0.63,0.6809595706005898,0.36583566695567526,0.5916054099286079
PHA Bioplastic,5494.66,1.67,92.91,63.39,65.61,3.94,0.4260397955061853,0.18709268634313964,0.5002640306968396
Plywood (Lightweight),10006.4,25.27,60.93,51.08,69.77,3.8,0.5472928326180257,0.431898279674395,0.5607900706627971
Recycled Paperboard,4269.43,19.02725806451613,71.27,44.21,84.31,0.69,0.6516172002019691,0.29922691793297895,0.5480633461116198
Recycled Paperboard,5643.29,20.14,78.86,25.49,93.12,0.79,0.84345997475385,0.38045445623139706,0.6729709191124389
Kraft Paper,7504.04,11.84,79.73,28.07,76.17,0.68,0.7698127013380459,0.36970410753842065,0.6597553125352118
Molded Pulp,1549.17,11.30653846153846,95.72,32.24,95.85,0.94,0.7920059454683159,0.23392621649046103,0.6234510505062917
Hemp Fiber,4246.7,6.06,93.39,25.52,85.69,1.27,0.8209048901792475,0.2795136927852402,0.6655389045474656
PLA Bioplastic,6304.92,3.87,81.97,54.54316666666667,62.89,2.45,0.49605176386434396,0.23736856774404913,0.5189251144678566
PHA Bioplastic,5408.11,10.73,92.67,36.78,61.83,3.6,0.6498298131784902,0.2989059191733023,0.5916579797052723
Recycled PET (rPET),10613.57,15.14,12.18,69.07,73.57,2.4,0.39973044938146934,0.3470770686972715,0.4120250453410932
Bamboo Fiber,4588.19,22.4,99.11,27.47,84.3,1.14,0.7995043928300933,0.36532563151090736,0.6720964447223158
Hemp Fiber,6029.85,14.23,92.91,22.53,70.97,1.23,0.8031649861146175,0.3656038830622448,0.6739760580738068
Hemp Fiber,5147.11,24.53,88.36,27.27,78.22,2.24,0.7830316233274425,0.38824183384258304,0.6477946987424303
Molded Pulp,1655.63,10.96,99.11,36.7,89.32,0.78,0.7330067053774298,0.22308147529556904,0.6019315982823139
Mushroom Mycelium,2300.46,14.11,99.32,20.91,65.71,1.58,0.8016995531431457,0.29234937434032016,0.6248777668558148
Corrugated Cardboard,6446.32,13.99,70.89,48.85,93.72,0.97,0.6388474526634688,0.3064950916032861,0.5821421982548007
Starch-Based Packaging,2980.8583333333336,6.67,98.77,16.22,84.91,1.21,0.9007411083059833,0.28007379171013813,0.6904362673736626
PHA Bioplastic,5107.49,1.96,89.13416666666666,46.2,55.51,3.45,0.5476332567533451,0.22401071774951892,0.5316269286394435
Mushroom Mycelium,3153.17,5.5,99.2,27.99,68.39,2.86,0.7471795935369855,0.24791041462085847,0.6163440320636401
Starch-Based Packaging,3179.2,8.38,93.98,26.61,82.44,1.49,0.8015234839686948,0.2666840310001135,0.6396201504523593
Plywood (Lightweight),11183.72,32.46,53.35,46.92,69.85,4.36,0.5842912269628882,0.5034572426628391,0.5796938850334328
Recycled PET (rPET),10699.62,26.79,12.878653846153847,46.06,75.77,2.17,0.6096503181014894,0.46662125629894846,0.5062887929759862
PLA Bioplastic,6174.52,13.6,77.66,46.01,67.46,2.76,0.5851621257258268,0.3060749495543533,0.5497378951762308
PLA Bioplastic,7424.73,8.421694915254237,69.51,53.38,61.12,3.07,0.5010196818985104,0.286662544517186,0.5121219839708763
Corrugated Cardboard,5293.51,26.54,81.9,42.06,83.12,0.98,0.6670449280484726,0.3642119883743123,0.5909109467846625
Cotton Fiber,3364.0,17.45,87.77542372881356,34.87,60.05,1.61,0.6613668644281746,0.2960980077989318,0.5539889525573344
Mushroom Mycelium,1858.74,13.44,97.3,16.89,66.36,1.76,0.8391708861398637,0.28997786477683485,0.6305406827898854
Plywood (Lightweight),8413.23,37.56,50.27,59.77,56.36,2.78,0.4302766675082049,0.4401420653552503,0.45513445467968383
Cotton Fiber,4228.78,8.28,88.44,44.37016393442623,62.9,1.6,0.5859719672545018,0.24292854539601644,0.5383873739861568
PLA Bioplastic,9896.1,10.77,75.94,69.56,55.75,3.23,0.3419407346629638,0.3086912611198334,0.4911187914274977
PLA Bioplastic,6658.24,5.69,75.91,69.72,56.67,2.29,0.3432869502650846,0.21564599288532357,0.44233026300234063
Bamboo Fiber,4543.76,16.94,97.6,30.46,84.92,1.17,0.7749442968947234,0.3288916045445901,0.6583046333169033
Bamboo Fiber,4591.01,20.03,86.44,30.11,79.04,1.64,0.7603969502650846,0.3465772740362223,0.6262545793106027
Plywood (Lightweight),13511.31,31.69,55.2,49.57,61.626296296296296,2.56,0.5362043117619006,0.5407109020918587,0.5928316284731074
Recycled Paperboard,7420.55,17.31,88.55,26.55,85.97,1.37,0.8126436531178994,0.3998463140636329,0.7014825481550037
Cotton Fiber,5644.22,17.67,86.0,47.8,62.03,2.94,0.5530554127745518,0.31149574125082663,0.540614754144146
Recycled Paperboard,6298.17,10.85,78.6,31.99,84.29,0.68,0.7595349835900025,0.3299259506426673,0.6402806290205255
Cotton Fiber,3990.36,2.27,89.82,51.93,72.26,2.75,0.5472521030042918,0.1881486081632952,0.5275629045995206
Cotton Fiber,3320.58,5.95,85.14,55.86,74.01,2.1273770491803274,0.517776023731381,0.1832990680043991,0.49647479517864346
Bamboo Fiber,4936.2,24.44,96.68,25.07,88.81,1.2,0.8342411587982832,0.38899559325863786,0.690709756385123
Cotton Fiber,3197.44,14.6,80.17,45.83,69.34116666666667,2.71,0.592396133173441,0.2504009603098517,0.5132688745668115
Bamboo Fiber,5772.63,26.55,90.42,36.09,80.14,1.38,0.7108567583943448,0.38919273345258865,0.6320108117488714
Bamboo Fiber,5836.11,13.87,97.26,22.66,85.29,1.29,0.8449762862913405,0.3594453537412853,0.7078437883808603
Bagasse Fiber,3169.09,17.22,94.95833333333331,21.86,85.09,0.92,0.8514452082807371,0.32375483119051773,0.6647108489549192
Corrugated Cardboard,5147.686470588235,35.15,87.22,44.51,82.33,1.11,0.6430263544559455,0.3991350694981405,0.5884545395425368
PLA Bioplastic,8672.33,1.09,65.99,66.22,57.67,2.471724137931034,0.37721348396869475,0.24235508630089428,0.4688015297241107
Kraft Paper,7636.28,13.86,85.97050847457626,35.313870967741934,84.0,0.9,0.7292947528727676,0.3644852298481629,0.6625186560053274
Mushroom Mycelium,1434.58,1.41,97.36,11.26,61.0,2.15,0.8728384246402423,0.23383554895266812,0.6347160886591217
Corrugated Cardboard,4031.06,39.55,74.65,50.46,84.95,0.98,0.5983112471598081,0.38368077323608846,0.5287643007675806
Kraft Paper,4662.71,5.17,85.95,27.0,85.65,0.85,0.8077073844988639,0.2797769556162173,0.651377212672406
Cotton Fiber,4662.17,7.93,86.36,36.36,79.96,1.35,0.7079309972229234,0.27027479338584176,0.6053641885227798
Corrugated Cardboard,6716.96,29.63,72.19,44.02,82.46,0.8552000000000001,0.6477460691744508,0.4043801644720346,0.5846920707648543
Recycled Paperboard,6137.83,32.62,71.62,39.37,93.39,0.61,0.7216241782378188,0.41952204623680783,0.6140836042936936
Cotton Fiber,4527.52,5.95,82.28,49.43,69.34116666666667,1.83,0.5605859842211562,0.2243643017422911,0.5243847107058117
Bagasse Fiber,2021.05,22.57,98.35,28.51,81.8,1.2606666666666666,0.7828147942438777,0.3107537959758276,0.6220235183032261
Molded Pulp,1977.79,17.8,92.26,22.68,95.78,0.86,0.8762695632416055,0.3001457812859353,0.6592003301600964
PLA Bioplastic,9166.78,1.23,79.55,44.67,52.89,3.17,0.5532925700580661,0.30765072081936096,0.5756293005045254
PLA Bioplastic,9733.74,2.99,82.79,50.19,69.1,2.08,0.5531470083312295,0.3143960510324831,0.6023812328475121
Recycled PET (rPET),8889.77,20.76,10.5,62.82,79.85,1.23,0.47379640242363036,0.3561808981657742,0.41829011246222386
Corrugated Cardboard,5184.43,17.03,82.61,30.39,81.61,1.05,0.7656328275687957,0.3427107372055572,0.6318227116038546
Plywood (Lightweight),11024.2,61.81,62.88,53.43,58.74,2.51,0.4934378742741732,0.6340985914520874,0.5494404980763228
Corrugated Cardboard,5352.11,28.91,79.56041666666668,38.15,89.23,0.54,0.7199242842716487,0.38743028109585337,0.6141577353022194
Bamboo Fiber,5878.81,14.77,92.54,22.02,85.78,1.05,0.8521014238828579,0.36655028617020236,0.7024559156624732
Recycled Paperboard,3890.58,24.22,74.93,33.72,80.16,1.0,0.7318584397879322,0.344517712951994,0.5809702905594916
Bamboo Fiber,3812.24,19.82,87.29,36.32,79.33,1.83,0.7063944433223932,0.31380093880597526,0.5930026703564185
Aluminum Packaging,15636.59,7.19,2.51,74.19836734693877,94.67,4.3,0.4177154134958705,0.3967476338492606,0.4929519012075818
Hemp Fiber,7532.06,4.03,94.4,33.57,80.91,1.7308620689655172,0.7354338626609441,0.3163849713609741,0.678211917509472
PHA Bioplastic,8069.33,4.56,93.89,38.24,58.27433333333333,3.48,0.6262620305478414,0.3183641435094009,0.6225250030768437
Molded Pulp,3761.97,12.98,85.98,29.6116,86.77,1.049795918367347,0.7879908886644786,0.29466181180963735,0.6298882730708388
Starch-Based Packaging,2851.65,11.1,90.28,19.45,70.16,1.26,0.8279503357737944,0.2919555849275568,0.6297120297916146
Starch-Based Packaging,2980.8583333333336,9.53,96.49,16.62,65.24,1.08,0.838196647311285,0.29371558505591516,0.6450164768522586
Recycled Paperboard,7141.93,24.98,70.49,40.46,93.05,0.94,0.7109727720272658,0.3982895376314427,0.6225073695393755
Kraft Paper,5716.23,17.68,91.84,35.313870967741934,77.47,0.53,0.7097047528727675,0.344551195517125,0.6315827863107031
Molded Pulp,2786.8,14.36,91.86,29.6116,95.89,1.15,0.8153508886644786,0.2816680327646544,0.6448536349340108
Hemp Fiber,6839.86,8.81,93.46,17.59,88.36,2.37,0.8989855793991416,0.36697448561838264,0.7410637149663124
PHA Bioplastic,5494.22,5.29,97.88,46.52,47.81,2.77,0.5217056879575865,0.24821897059948375,0.5384935696939185
Cotton Fiber,3723.24,15.65,92.05,45.37,71.44,2.1273770491803274,0.602757263317344,0.2677593544641677,0.5511081700336762
Corrugated Cardboard,5354.3,32.12,82.61,37.99,89.53,0.8552000000000001,0.7222380686695278,0.4043239493681997,0.6215033193457826
Bamboo Fiber,5748.9,27.97,90.5,22.56,88.62,1.32,0.8558499015400152,0.4301371361075115,0.7000018779849981
Kraft Paper,7875.89,7.22,85.72,38.3,79.97,0.96,0.6908188613986367,0.32785982100698413,0.6463462061801164
Starch-Based Packaging,3979.77,1.72,95.09,31.99,80.05,1.1,0.7468149835900024,0.2354539262800181,0.6290423344359882
Recycled PET (rPET),11508.14,26.59,17.72,49.02,80.08,1.28,0.596425306740722,0.4747585479398152,0.5258689140361843
Plywood (Lightweight),11891.09,60.97,51.9,61.05,56.15,2.99,0.4183363923251704,0.628393411238131,0.5067967146280301
Bamboo Fiber,3525.37,7.73,95.73,24.97,86.54,0.82,0.8283147740469579,0.2746166909129636,0.6628762145965926
PLA Bioplastic,9410.33,13.6,60.61,64.17,64.8,2.32,0.4167175965665236,0.3268025035560862,0.4914407531226711
Hemp Fiber,6812.15,3.59,87.49,24.16,79.09,1.33,0.8131220575612219,0.32307584764772057,0.6852629000901828
PLA Bioplastic,7910.621499999999,8.51,68.89,43.13,65.0,1.81,0.6032302448876545,0.32298911382648365,0.5649542362794755
Recycled PET (rPET),7623.28,5.59,8.17,60.16181818181818,77.55,1.84,0.49038450230658004,0.2591194603604638,0.3995484396748835
Recycled Paperboard,4267.88,4.74,76.37,29.99,93.37,1.25,0.8044472885634941,0.26190213258409284,0.630220698699519
Cotton Fiber,4164.17,6.94,88.56,46.94,68.86,2.85,0.5811445039131533,0.2282466383739027,0.5398188885823442
Cotton Fiber,5162.03,8.88,85.23,45.17,77.29,2.63,0.6220744938146932,0.26318401380748946,0.5721121190549099
Bamboo Fiber,5661.6,3.19,86.02,36.46,80.59,1.58,0.7089373819742489,0.2663021289698827,0.6209866854263228
Corrugated Cardboard,4817.69,26.21,75.32,51.88,93.96,0.6,0.6127939106286291,0.3279400265256975,0.5548866243378257
Recycled Paperboard,4477.83,15.91,89.42,46.73,88.05,1.28,0.6405700959353698,0.28118301486619385,0.5855560402576137
Corrugated Cardboard,6708.33,6.12,79.1,50.04,88.46510638297873,1.19,0.6125677503531775,0.26856385211759354,0.5876070616255625
Cotton Fiber,4891.66,14.25,83.84,55.98,67.04,1.89,0.49580568543297143,0.2578404950467564,0.5037204181088288
Kraft Paper,7459.8,18.17,90.22,35.97,76.92,0.44,0.7022570966927544,0.3812777202237836,0.6516590725940331
Hemp Fiber,6587.71,17.21,91.43945454545457,27.54,80.97,1.96,0.788895862156021,0.3796995406903657,0.6806674356929298
Molded Pulp,2933.12,7.56,85.53,38.12,96.89,1.4,0.743169368846251,0.22836196619037819,0.6042168671728281
Aluminum Packaging,13486.1,10.31,2.42,87.78,95.5,3.72,0.3001960363544559,0.3341979961734292,0.4098154747129039
Kraft Paper,5979.862698412697,3.93,82.92,30.09,84.58,0.81,0.7771936733148195,0.29272294594302894,0.6517935810854113
Molded Pulp,3747.48,15.67,89.74,32.43,90.55,0.99,0.7744270764958343,0.30102905283810943,0.6340799004937293
Cotton Fiber,5498.54,16.59,85.4,57.28,67.91,1.68,0.48692868720020194,0.279032338527456,0.5130254581888786
Mushroom Mycelium,2480.17,12.62,96.99,21.76,72.62864406779661,2.75,0.8149447557328016,0.28626766436068846,0.6336040963427727
Hemp Fiber,4916.1,8.65,89.58,19.37,82.66,1.92,0.8661572279727341,0.3220809616367696,0.685469419658579
Aluminum Packaging,14058.05,31.05,3.28,81.6,93.15652173913044,2.85,0.34777302393993614,0.46781759421314,0.4390792013118874
Bamboo Fiber,5284.19,25.81,95.13,30.47,76.59,1.74,0.749865935369856,0.38954076950049954,0.6480867021095126
PLA Bioplastic,7910.621499999999,8.1,82.62,40.43,51.33,2.41,0.5860778566018682,0.3277051644801934,0.575329166277328
Kraft Paper,4570.17,7.51,85.97050847457626,48.69,77.84,0.61,0.5926212370613482,0.23510181449624673,0.552231965810489
Mushroom Mycelium,3287.6,10.5,96.31,14.16,75.31,2.72,0.8901435824286795,0.31120639878844913,0.6788451586622812
PLA Bioplastic,8633.68,8.82,68.81,49.37,71.51,2.52,0.5676226533703611,0.3237000616903863,0.5653409867357384
PLA Bioplastic,6458.83,1.86,77.98,50.73,68.8,3.03,0.5474754859883867,0.23986480660247533,0.5395714376181938
Aluminum Packaging,16852.2,14.92,0.12,85.42,93.15652173913044,2.55,0.31401892144056726,0.4330280801988549,0.46140198172238556
Recycled Paperboard,4776.83,11.84,72.56,48.25,88.03,0.61,0.6270791441555162,0.2626469093224672,0.5506165745350542
Cotton Fiber,4255.55,3.2,92.67,33.66,74.8,2.33,0.7163086089371371,0.24449377002704173,0.611628331690814
PLA Bioplastic,6318.88,11.39,72.91,54.54316666666667,68.38,2.471724137931034,0.512521763864344,0.2761803752940996,0.5119805735580993
Kraft Paper,5587.57,3.78,79.67,27.33,80.25,0.44,0.7885914541782378,0.2908512886014239,0.6410249652149206
Recycled PET (rPET),8150.28,21.83,12.878653846153847,65.16,74.61,1.85,0.4373998056046453,0.3405403589689517,0.3923003872069167
Bagasse Fiber,3854.28,14.68016393442623,92.7,33.4,85.11,0.82,0.7495360085836908,0.29570663125796626,0.6271011071825694
Cotton Fiber,4610.2,15.42,87.96,52.46,71.77,2.22,0.5410989421863166,0.2669301466265243,0.5304163250207745
Mushroom Mycelium,1027.4,14.52,95.74,15.33,73.97,1.92,0.8757852840191871,0.2823448030781136,0.6357166601181221
Plywood (Lightweight),11476.95,59.55,71.49,54.88,62.52,2.9,0.4919654531683918,0.6281750503081308,0.5757346879084628
Aluminum Packaging,16747.82,40.38,4.12,72.66,93.15652173913044,4.11,0.42676822717144336,0.5935249488031403,0.5161212624783792
Aluminum Packaging,14906.820204081634,49.34,1.99,77.55,96.53,4.22,0.39367987629386525,0.5892039178629235,0.4716774996278711
Recycled PET (rPET),10071.08,17.36,12.878653846153847,49.21,81.84,2.32,0.6000264377682403,0.3974275151902961,0.4968011538880747
Mushroom Mycelium,1946.89,5.91,99.23,20.89,75.52,2.331016949152542,0.8313062761928806,0.24311721066327036,0.6389374626459146
Kraft Paper,6642.72,15.12,90.11,40.66,84.48,0.85,0.6834955415299167,0.3370014175929986,0.6361900201052719
Starch-Based Packaging,3390.87,8.6,94.80654545454549,33.19,71.46,1.73,0.7104416006059076,0.25555407798381086,0.5976633351101084
PHA Bioplastic,8562.24,6.491803278688525,86.66,48.13,61.62,3.35,0.5489094824539257,0.3134335181827344,0.5848937122723972
Cotton Fiber,4519.35,12.47,87.77542372881356,58.23,64.03,2.1273770491803274,0.4668943423377935,0.23538123699634192,0.49131434103321425
Kraft Paper,5112.14,22.84,85.97050847457626,35.82,84.48,0.7,0.7262625195657662,0.3572791050726324,0.6226126529445446
Hemp Fiber,5480.83,12.3,89.22,24.35,78.54,1.68,0.8097931885887402,0.3398260802827693,0.666363950891211
PHA Bioplastic,5260.28,6.491803278688525,82.79,39.32,58.94,3.38,0.618715985862156,0.2677398232721703,0.5541963113012387
PHA Bioplastic,6081.16,9.65,91.93,51.17,49.07,2.7,0.48439757889421864,0.2708914627307596,0.520548190397898
Kraft Paper,6465.6,20.06,93.86,35.57,83.3225396825397,0.96,0.7249991767350716,0.3715149629507779,0.6579257025348374
PHA Bioplastic,7291.76,3.38,91.41,50.20177419354839,58.27433333333333,3.100983606557377,0.5205659697616274,0.2661222197738,0.5602627538595836
Mushroom Mycelium,2275.6799999999994,8.26396551724138,98.18,14.21,73.09,1.84,0.8830417748043422,0.2788055162350006,0.6623452632299178
Molded Pulp,2746.49,16.28,99.2,32.61,91.99,0.64,0.7771565690482201,0.2831049422442139,0.6397730794422292
Molded Pulp,1546.28,7.17,93.19,33.28,85.48,0.97,0.7517063468821005,0.2100498740325225,0.5936624841630572
Aluminum Packaging,17319.76,35.91,1.31,64.31,93.31,2.78,0.5010105352183791,0.6034731654775858,0.551248286734999
Mushroom Mycelium,1545.23,12.15,98.4,25.19,71.18,1.54,0.7802908204998737,0.2559647014069608,0.6061139594940177
Mushroom Mycelium,3090.65,1.64,97.48,25.06,72.62864406779661,2.331016949152542,0.7857854525265404,0.2342466404517041,0.6315084854825129
Mushroom Mycelium,1281.9,3.72,98.01,25.77,73.72,2.72,0.7827858520575612,0.2058961158977497,0.6041533104512944
Kraft Paper,7369.62,21.5,94.01,33.09,87.94,0.54,0.7607652158545821,0.40375264624697393,0.6908022130130151
Molded Pulp,2543.7,5.14,87.77,35.57,91.06,1.12,0.7482115576874526,0.21439014513040222,0.6006894167225779
Bamboo Fiber,6633.72,4.93,92.71,21.07,85.58,1.67,0.8598957687452663,0.33407058771441656,0.7176426814664689
Bagasse Fiber,3626.36,3.18,94.64,30.33,87.46,1.18,0.7837129967180004,0.2398531280046028,0.6437942591619719
PLA Bioplastic,8758.13,8.6,65.02,55.24,65.56,2.36,0.49790443827316333,0.31031399552685357,0.5255437592956066
Molded Pulp,2496.56,8.72,87.08,22.6,96.34,0.67,0.8786564554405452,0.2645046925297873,0.658256877025321
Recycled PET (rPET),7212.19,16.22,11.76,70.79,73.31,1.78,0.38375226710426646,0.2782864667297625,0.35166482533889276
Recycled Paperboard,4597.7,18.95,77.48,39.49,86.47,1.07,0.6998038399394091,0.317501240629271,0.5877567442138869
Cotton Fiber,3307.99,6.29,91.49,43.76,61.27,2.28,0.5864734688210048,0.21532968215766696,0.529336269809134
Kraft Paper,4046.92,19.45,84.54,44.69,83.2,0.61,0.6440458470083312,0.29560279886646423,0.5671613569531881
Corrugated Cardboard,5504.02,9.09,70.61,40.77,94.9,0.77,0.7137835647563746,0.2824043481934614,0.5999995351584324
Aluminum Packaging,17487.8,13.95,2.620204081632653,61.37,85.17,3.32,0.5025688235294117,0.5018528408417344,0.5513181131111908
Kraft Paper,7577.54,21.52,76.45,37.12,89.44,0.41,0.7296555213329967,0.39795871763960633,0.6465905989271441
Molded Pulp,2601.68,8.94,95.12,29.6116,88.6,0.93,0.7934808886644786,0.2500929228092949,0.633944277447346
Recycled Paperboard,4332.5,33.76,78.55098360655738,32.49,80.35,1.17,0.7432969073466296,0.40558813987835507,0.600077297122994
